Match_No,Season,Team_1,Team_2,Winner,Win_Type,Win_Margin,Result_Type,Date,Venue
1,1,rcb,kkr,kkr,runs,140.0,normal,2008-04-18,M Chinnaswamy Stadium
2,1,pk,csk,csk,runs,33.0,normal,2008-04-19,"Punjab Cricket Association Stadium, Mohali"
3,1,dc,rr,dc,wickets,9.0,normal,2008-04-19,Feroz Shah Kotla
4,1,kkr,dcg,kkr,wickets,5.0,normal,2008-04-20,Eden Gardens
5,1,mi,rcb,rcb,wickets,5.0,normal,2008-04-20,Wankhede Stadium
6,1,rr,pk,rr,wickets,6.0,normal,2008-04-21,Sawai Mansingh Stadium
7,1,dcg,dc,dc,wickets,9.0,normal,2008-04-22,"Rajiv Gandhi International Stadium, Uppal"
8,1,csk,mi,csk,runs,6.0,normal,2008-04-23,"MA Chidambaram Stadium, Chepauk"
9,1,dcg,rr,rr,wickets,3.0,normal,2008-04-24,"Rajiv Gandhi International Stadium, Uppal"
10,1,pk,mi,pk,runs,66.0,normal,2008-04-25,"Punjab Cricket Association Stadium, Mohali"
11,1,csk,kkr,csk,wickets,9.0,normal,2008-04-26,"MA Chidambaram Stadium, Chepauk"
12,1,rcb,rr,rr,wickets,7.0,normal,2008-04-26,M Chinnaswamy Stadium
14,1,mi,dcg,dcg,wickets,10.0,normal,2008-04-27,Dr DY Patil Sports Academy
13,1,pk,dc,pk,wickets,4.0,normal,2008-04-27,"Punjab Cricket Association Stadium, Mohali"
15,1,rcb,csk,csk,runs,13.0,normal,2008-04-28,M Chinnaswamy Stadium
16,1,kkr,mi,mi,wickets,7.0,normal,2008-04-29,Eden Gardens
17,1,dc,rcb,dc,runs,10.0,normal,2008-04-30,Feroz Shah Kotla
19,1,dcg,pk,pk,wickets,7.0,normal,2008-05-01,"Rajiv Gandhi International Stadium, Uppal"
18,1,rr,kkr,rr,runs,45.0,normal,2008-05-01,Sawai Mansingh Stadium
20,1,csk,dc,dc,wickets,8.0,normal,2008-05-02,"MA Chidambaram Stadium, Chepauk"
21,1,rcb,dcg,rcb,runs,3.0,normal,2008-05-03,M Chinnaswamy Stadium
22,1,pk,kkr,pk,runs,9.0,normal,2008-05-03,"Punjab Cricket Association Stadium, Mohali"
23,1,mi,dc,mi,runs,29.0,normal,2008-05-04,Dr DY Patil Sports Academy
24,1,rr,csk,rr,wickets,8.0,normal,2008-05-04,Sawai Mansingh Stadium
25,1,rcb,pk,pk,wickets,6.0,normal,2008-05-05,M Chinnaswamy Stadium
26,1,csk,dcg,dcg,wickets,7.0,normal,2008-05-06,"MA Chidambaram Stadium, Chepauk"
27,1,mi,rr,mi,wickets,7.0,normal,2008-05-07,Dr DY Patil Sports Academy
29,1,kkr,rcb,kkr,runs,5.0,normal,2008-05-08,Eden Gardens
28,1,dc,csk,csk,wickets,4.0,normal,2008-05-08,Feroz Shah Kotla
30,1,rr,dcg,rr,wickets,8.0,normal,2008-05-09,Sawai Mansingh Stadium
31,1,csk,pk,csk,runs,18.0,normal,2008-05-10,"MA Chidambaram Stadium, Chepauk"
32,1,dcg,kkr,kkr,runs,23.0,normal,2008-05-11,"Rajiv Gandhi International Stadium, Uppal"
33,1,rr,dc,rr,wickets,3.0,normal,2008-05-11,Sawai Mansingh Stadium
34,1,pk,rcb,pk,wickets,9.0,normal,2008-05-12,"Punjab Cricket Association Stadium, Mohali"
35,1,kkr,dc,kkr,runs,23.0,normal,2008-05-13,Eden Gardens
36,1,mi,csk,mi,wickets,9.0,normal,2008-05-14,Wankhede Stadium
37,1,dc,dcg,dc,runs,12.0,normal,2008-05-15,Feroz Shah Kotla
38,1,mi,kkr,mi,wickets,8.0,normal,2008-05-16,Wankhede Stadium
39,1,rr,rcb,rr,runs,65.0,normal,2008-05-17,Sawai Mansingh Stadium
40,1,dc,pk,pk,runs,6.0,normal,2008-05-17,Feroz Shah Kotla
41,1,kkr,csk,csk,runs,3.0,normal,2008-05-18,Eden Gardens
42,1,dcg,mi,mi,runs,25.0,normal,2008-05-18,"Rajiv Gandhi International Stadium, Uppal"
43,1,rcb,dc,dc,wickets,5.0,normal,2008-05-19,M Chinnaswamy Stadium
44,1,kkr,rr,rr,wickets,6.0,normal,2008-05-20,Eden Gardens
45,1,mi,pk,pk,runs,1.0,normal,2008-05-21,Wankhede Stadium
46,1,csk,rcb,rcb,runs,14.0,normal,2008-05-21,"MA Chidambaram Stadium, Chepauk"
48,1,pk,dcg,pk,wickets,6.0,normal,2008-05-23,"Punjab Cricket Association Stadium, Mohali"
50,1,dc,mi,dc,wickets,5.0,normal,2008-05-24,Feroz Shah Kotla
49,1,csk,rr,rr,runs,10.0,normal,2008-05-24,"MA Chidambaram Stadium, Chepauk"
51,1,dcg,rcb,rcb,wickets,5.0,normal,2008-05-25,"Rajiv Gandhi International Stadium, Uppal"
52,1,kkr,pk,kkr,wickets,3.0,normal,2008-05-25,Eden Gardens
53,1,rr,mi,rr,wickets,5.0,normal,2008-05-26,Sawai Mansingh Stadium
54,1,dcg,csk,csk,wickets,7.0,normal,2008-05-27,"Rajiv Gandhi International Stadium, Uppal"
56,1,pk,rr,pk,runs,41.0,normal,2008-05-28,"Punjab Cricket Association Stadium, Mohali"
55,1,rcb,mi,mi,wickets,9.0,normal,2008-05-28,M Chinnaswamy Stadium
Semi Final,1,dc,rr,rr,runs,105.0,normal,2008-05-30,Wankhede Stadium
Semi Final,1,csk,pk,csk,wickets,9.0,normal,2008-05-31,Wankhede Stadium
Final,1,csk,rr,rr,wickets,3.0,normal,2008-06-01,Dr DY Patil Sports Academy
1,2,csk,mi,mi,runs,19.0,normal,2009-04-18,Newlands
2,2,rcb,rr,rcb,runs,75.0,normal,2009-04-18,Newlands
4,2,dcg,kkr,dcg,wickets,8.0,normal,2009-04-19,Newlands
3,2,dc,pk,dc,wickets,10.0,normal,2009-04-19,Newlands
5,2,rcb,csk,csk,runs,92.0,normal,2009-04-20,St George's Park
6,2,pk,kkr,kkr,runs,11.0,normal,2009-04-21,Kingsmead
8,2,rcb,dcg,dcg,runs,24.0,normal,2009-04-22,Newlands
10,2,kkr,rr,,,,tie,2009-04-23,Newlands
9,2,csk,dc,dc,runs,9.0,normal,2009-04-23,Kingsmead
11,2,rcb,pk,pk,wickets,7.0,normal,2009-04-24,Kingsmead
12,2,dcg,mi,dcg,runs,12.0,normal,2009-04-25,Kingsmead
14,2,rcb,dc,dc,wickets,6.0,normal,2009-04-26,St George's Park
15,2,pk,rr,pk,runs,27.0,normal,2009-04-26,Newlands
16,2,csk,dcg,dcg,wickets,6.0,normal,2009-04-27,Kingsmead
17,2,kkr,mi,mi,runs,92.0,normal,2009-04-27,St George's Park
18,2,dc,rr,rr,wickets,5.0,normal,2009-04-28,SuperSport Park
20,2,pk,mi,pk,runs,3.0,normal,2009-04-29,Kingsmead
19,2,rcb,kkr,rcb,wickets,5.0,normal,2009-04-29,Kingsmead
22,2,csk,rr,csk,runs,38.0,normal,2009-04-30,SuperSport Park
21,2,dcg,dc,dc,wickets,6.0,normal,2009-04-30,SuperSport Park
23,2,kkr,mi,mi,runs,9.0,normal,2009-05-01,Buffalo Park
24,2,rcb,pk,rcb,runs,8.0,normal,2009-05-01,Kingsmead
25,2,dcg,rr,rr,wickets,3.0,normal,2009-05-02,St George's Park
26,2,csk,dc,csk,runs,18.0,normal,2009-05-02,New Wanderers Stadium
28,2,rcb,mi,rcb,wickets,9.0,normal,2009-05-03,New Wanderers Stadium
27,2,pk,kkr,pk,wickets,6.0,normal,2009-05-03,St George's Park
29,2,csk,dcg,csk,runs,78.0,normal,2009-05-04,Buffalo Park
30,2,pk,rr,rr,runs,78.0,normal,2009-05-05,Kingsmead
31,2,dc,kkr,dc,wickets,9.0,normal,2009-05-05,Kingsmead
32,2,dcg,mi,dcg,runs,19.0,normal,2009-05-06,SuperSport Park
33,2,rcb,rr,rr,wickets,7.0,normal,2009-05-07,SuperSport Park
34,2,csk,pk,csk,runs,12.0,normal,2009-05-07,SuperSport Park
35,2,dc,mi,dc,wickets,7.0,normal,2009-05-08,Buffalo Park
36,2,dcg,pk,pk,wickets,3.0,normal,2009-05-09,De Beers Diamond Oval
37,2,csk,rr,csk,wickets,7.0,normal,2009-05-09,De Beers Diamond Oval
38,2,rcb,mi,mi,runs,16.0,normal,2009-05-10,St George's Park
39,2,dc,kkr,dc,wickets,7.0,normal,2009-05-10,New Wanderers Stadium
40,2,dcg,rr,dcg,runs,53.0,normal,2009-05-11,De Beers Diamond Oval
41,2,rcb,kkr,rcb,wickets,6.0,normal,2009-05-12,SuperSport Park
42,2,pk,mi,mi,wickets,8.0,normal,2009-05-12,SuperSport Park
43,2,dcg,dc,dc,runs,12.0,normal,2009-05-13,Kingsmead
44,2,rcb,csk,rcb,wickets,2.0,normal,2009-05-14,Kingsmead
45,2,mi,rr,rr,runs,2.0,normal,2009-05-14,Kingsmead
46,2,dc,pk,pk,wickets,6.0,normal,2009-05-15,OUTsurance Oval
47,2,csk,mi,csk,wickets,7.0,normal,2009-05-16,St George's Park
48,2,dcg,kkr,dcg,wickets,6.0,normal,2009-05-16,New Wanderers Stadium
49,2,dcg,pk,pk,runs,1.0,normal,2009-05-17,New Wanderers Stadium
50,2,dc,rr,dc,runs,14.0,normal,2009-05-17,OUTsurance Oval
51,2,csk,kkr,kkr,wickets,7.0,normal,2009-05-18,SuperSport Park
52,2,rcb,dc,rcb,wickets,7.0,normal,2009-05-19,New Wanderers Stadium
53,2,kkr,rr,kkr,wickets,4.0,normal,2009-05-20,Kingsmead
54,2,csk,pk,csk,runs,24.0,normal,2009-05-20,Kingsmead
56,2,rcb,dcg,rcb,runs,12.0,normal,2009-05-21,SuperSport Park
55,2,dc,mi,dc,wickets,4.0,normal,2009-05-21,SuperSport Park
Semi Final,2,dc,dcg,dcg,wickets,6.0,normal,2009-05-22,SuperSport Park
Semi Final,2,rcb,csk,rcb,wickets,6.0,normal,2009-05-23,New Wanderers Stadium
Final,2,rcb,dcg,dcg,runs,6.0,normal,2009-05-24,New Wanderers Stadium
1,3,dcg,kkr,kkr,runs,11.0,normal,2010-03-12,Dr DY Patil Sports Academy
2,3,mi,rr,mi,runs,4.0,normal,2010-03-13,Brabourne Stadium
3,3,pk,dc,dc,wickets,5.0,normal,2010-03-13,"Punjab Cricket Association Stadium, Mohali"
4,3,kkr,rcb,kkr,wickets,7.0,normal,2010-03-14,Eden Gardens
5,3,csk,dcg,dcg,runs,31.0,normal,2010-03-14,"MA Chidambaram Stadium, Chepauk"
6,3,rr,dc,dc,wickets,6.0,normal,2010-03-15,"Sardar Patel Stadium, Motera"
7,3,rcb,pk,rcb,wickets,8.0,normal,2010-03-16,M Chinnaswamy Stadium
8,3,kkr,csk,csk,runs,55.0,normal,2010-03-16,Eden Gardens
9,3,dc,mi,mi,runs,98.0,normal,2010-03-17,Feroz Shah Kotla
10,3,rcb,rr,rcb,wickets,10.0,normal,2010-03-18,M Chinnaswamy Stadium
11,3,dc,csk,csk,wickets,5.0,normal,2010-03-19,Feroz Shah Kotla
12,3,dcg,pk,dcg,runs,6.0,normal,2010-03-19,Barabati Stadium
13,3,rr,kkr,rr,runs,34.0,normal,2010-03-20,"Sardar Patel Stadium, Motera"
14,3,mi,rcb,rcb,wickets,7.0,normal,2010-03-20,Brabourne Stadium
16,3,csk,pk,,,,tie,2010-03-21,"MA Chidambaram Stadium, Chepauk"
15,3,dcg,dc,dcg,runs,10.0,normal,2010-03-21,Barabati Stadium
17,3,mi,kkr,mi,wickets,7.0,normal,2010-03-22,Brabourne Stadium
18,3,rcb,csk,rcb,runs,36.0,normal,2010-03-23,M Chinnaswamy Stadium
19,3,pk,rr,rr,runs,31.0,normal,2010-03-24,"Punjab Cricket Association Stadium, Mohali"
21,3,csk,mi,mi,wickets,5.0,normal,2010-03-25,"Brabourne Stadium, Mumbai"
20,3,rcb,dc,dc,runs,17.0,normal,2010-03-25,M Chinnaswamy Stadium
22,3,rr,dcg,rr,wickets,8.0,normal,2010-03-26,"Sardar Patel Stadium, Motera"
23,3,pk,kkr,kkr,runs,39.0,normal,2010-03-27,"Punjab Cricket Association Stadium, Mohali"
24,3,rr,csk,rr,runs,17.0,normal,2010-03-28,"Sardar Patel Stadium, Motera"
25,3,dcg,mi,mi,runs,41.0,normal,2010-03-28,Dr DY Patil Sports Academy
26,3,dc,kkr,dc,runs,40.0,normal,2010-03-29,Feroz Shah Kotla
27,3,mi,pk,mi,wickets,4.0,normal,2010-03-30,Brabourne Stadium
28,3,csk,rcb,csk,wickets,5.0,normal,2010-03-31,"MA Chidambaram Stadium, Chepauk"
29,3,dc,rr,dc,runs,67.0,normal,2010-03-31,Feroz Shah Kotla
30,3,kkr,dcg,kkr,runs,24.0,normal,2010-04-01,Eden Gardens
31,3,pk,rcb,rcb,wickets,6.0,normal,2010-04-02,"Punjab Cricket Association Stadium, Mohali"
33,3,mi,dcg,mi,runs,63.0,normal,2010-04-03,Brabourne Stadium
32,3,csk,rr,csk,runs,23.0,normal,2010-04-03,"MA Chidambaram Stadium, Chepauk"
34,3,kkr,pk,pk,wickets,8.0,normal,2010-04-04,Eden Gardens
35,3,dc,rcb,dc,runs,37.0,normal,2010-04-04,Feroz Shah Kotla
36,3,dcg,rr,rr,runs,2.0,normal,2010-04-05,"Vidarbha Cricket Association Stadium, Jamtha"
37,3,csk,mi,csk,runs,24.0,normal,2010-04-06,"MA Chidambaram Stadium, Chepauk"
39,3,kkr,dc,kkr,runs,14.0,normal,2010-04-07,Eden Gardens
38,3,rr,pk,rr,wickets,9.0,normal,2010-04-07,Sawai Mansingh Stadium
40,3,rcb,dcg,dcg,wickets,7.0,normal,2010-04-08,M Chinnaswamy Stadium
41,3,pk,mi,pk,wickets,6.0,normal,2010-04-09,"Punjab Cricket Association Stadium, Mohali"
42,3,dcg,csk,dcg,wickets,6.0,normal,2010-04-10,"Vidarbha Cricket Association Stadium, Jamtha"
43,3,rcb,kkr,rcb,wickets,7.0,normal,2010-04-10,M Chinnaswamy Stadium
44,3,dc,pk,pk,wickets,7.0,normal,2010-04-11,Feroz Shah Kotla
45,3,rr,mi,mi,runs,37.0,normal,2010-04-11,Sawai Mansingh Stadium
46,3,dcg,rcb,dcg,runs,13.0,normal,2010-04-12,"Vidarbha Cricket Association Stadium, Jamtha"
47,3,mi,dc,mi,runs,39.0,normal,2010-04-13,Brabourne Stadium
48,3,csk,kkr,csk,wickets,9.0,normal,2010-04-13,"MA Chidambaram Stadium, Chepauk"
49,3,rr,rcb,rcb,wickets,5.0,normal,2010-04-14,Sawai Mansingh Stadium
50,3,csk,dc,dc,wickets,6.0,normal,2010-04-15,"MA Chidambaram Stadium, Chepauk"
51,3,pk,dcg,dcg,wickets,5.0,normal,2010-04-16,Himachal Pradesh Cricket Association Stadium
52,3,rcb,mi,mi,runs,57.0,normal,2010-04-17,M Chinnaswamy Stadium
53,3,kkr,rr,kkr,wickets,8.0,normal,2010-04-17,Eden Gardens
54,3,pk,csk,csk,wickets,6.0,normal,2010-04-18,Himachal Pradesh Cricket Association Stadium
55,3,dc,dcg,dcg,runs,11.0,normal,2010-04-18,Feroz Shah Kotla
56,3,kkr,mi,kkr,wickets,9.0,normal,2010-04-19,Eden Gardens
Semi Final,3,rcb,mi,mi,runs,35.0,normal,2010-04-21,Dr DY Patil Sports Academy
Semi Final,3,csk,dcg,csk,runs,38.0,normal,2010-04-22,Dr DY Patil Sports Academy
3rd Place Play-Off,3,rcb,dcg,rcb,wickets,9.0,normal,2010-04-24,Dr DY Patil Sports Academy
Final,3,csk,mi,csk,runs,22.0,normal,2010-04-25,Dr DY Patil Sports Academy
1,4,csk,kkr,csk,runs,2.0,normal,2011-04-08,"MA Chidambaram Stadium, Chepauk"
2,4,dcg,rr,rr,wickets,8.0,normal,2011-04-09,"Rajiv Gandhi International Stadium, Uppal"
3,4,ktk,rcb,rcb,wickets,6.0,normal,2011-04-09,Nehru Stadium
4,4,dc,mi,mi,wickets,8.0,normal,2011-04-10,Feroz Shah Kotla
5,4,pw,pk,pw,wickets,7.0,normal,2011-04-10,Dr DY Patil Sports Academy
6,4,kkr,dcg,kkr,runs,9.0,normal,2011-04-11,Eden Gardens
7,4,rr,dc,rr,wickets,6.0,normal,2011-04-12,Sawai Mansingh Stadium
8,4,rcb,mi,mi,wickets,9.0,normal,2011-04-12,M Chinnaswamy Stadium
9,4,pk,csk,pk,wickets,6.0,normal,2011-04-13,"Punjab Cricket Association Stadium, Mohali"
10,4,pw,ktk,pw,wickets,4.0,normal,2011-04-13,Dr DY Patil Sports Academy
11,4,dcg,rcb,dcg,runs,33.0,normal,2011-04-14,"Rajiv Gandhi International Stadium, Uppal"
12,4,rr,kkr,kkr,wickets,9.0,normal,2011-04-15,Sawai Mansingh Stadium
13,4,mi,ktk,ktk,wickets,8.0,normal,2011-04-15,Wankhede Stadium
15,4,dcg,pk,pk,wickets,8.0,normal,2011-04-16,"Rajiv Gandhi International Stadium, Uppal"
14,4,csk,rcb,csk,runs,21.0,normal,2011-04-16,"MA Chidambaram Stadium, Chepauk"
16,4,pw,dc,dc,wickets,3.0,normal,2011-04-17,Dr DY Patil Sports Academy
17,4,kkr,rr,kkr,wickets,8.0,normal,2011-04-17,Eden Gardens
18,4,ktk,csk,ktk,wickets,7.0,normal,2011-04-18,Nehru Stadium
19,4,dc,dcg,dcg,runs,16.0,normal,2011-04-19,Feroz Shah Kotla
21,4,mi,pw,mi,wickets,7.0,normal,2011-04-20,Wankhede Stadium
22,4,kkr,ktk,ktk,runs,6.0,normal,2011-04-20,Eden Gardens
23,4,pk,rr,pk,runs,48.0,normal,2011-04-21,"Punjab Cricket Association Stadium, Mohali"
25,4,mi,csk,mi,runs,8.0,normal,2011-04-22,Wankhede Stadium
24,4,kkr,rcb,rcb,wickets,9.0,normal,2011-04-22,Eden Gardens
26,4,dc,pk,dc,runs,29.0,normal,2011-04-23,Feroz Shah Kotla
28,4,rr,ktk,rr,wickets,8.0,normal,2011-04-24,Sawai Mansingh Stadium
27,4,dcg,mi,mi,runs,37.0,normal,2011-04-24,"Rajiv Gandhi International Stadium, Uppal"
29,4,csk,pw,csk,runs,25.0,normal,2011-04-25,"MA Chidambaram Stadium, Chepauk"
30,4,dc,rcb,rcb,wickets,3.0,normal,2011-04-26,Feroz Shah Kotla
31,4,pw,csk,csk,wickets,8.0,normal,2011-04-27,Dr DY Patil Sports Academy
32,4,ktk,dcg,dcg,runs,55.0,normal,2011-04-27,Nehru Stadium
33,4,dc,kkr,kkr,runs,17.0,normal,2011-04-28,Feroz Shah Kotla
34,4,rr,mi,rr,wickets,7.0,normal,2011-04-29,Sawai Mansingh Stadium
35,4,rcb,pw,rcb,runs,26.0,normal,2011-04-29,M Chinnaswamy Stadium
36,4,ktk,dc,dc,runs,38.0,normal,2011-04-30,Nehru Stadium
37,4,kkr,pk,kkr,wickets,8.0,normal,2011-04-30,Eden Gardens
38,4,rr,pw,rr,wickets,6.0,normal,2011-05-01,Sawai Mansingh Stadium
39,4,csk,dcg,csk,runs,19.0,normal,2011-05-01,"MA Chidambaram Stadium, Chepauk"
40,4,mi,pk,mi,runs,23.0,normal,2011-05-02,Wankhede Stadium
41,4,dc,ktk,ktk,wickets,7.0,normal,2011-05-02,Feroz Shah Kotla
42,4,dcg,kkr,kkr,runs,20.0,normal,2011-05-03,"Rajiv Gandhi International Stadium, Uppal"
44,4,pw,mi,mi,runs,21.0,normal,2011-05-04,Dr DY Patil Sports Academy
43,4,csk,rr,csk,wickets,8.0,normal,2011-05-04,"MA Chidambaram Stadium, Chepauk"
46,4,dcg,dc,dc,wickets,4.0,normal,2011-05-05,"Rajiv Gandhi International Stadium, Uppal"
45,4,ktk,kkr,ktk,runs,17.0,normal,2011-05-05,Nehru Stadium
47,4,rcb,pk,rcb,runs,85.0,normal,2011-05-06,M Chinnaswamy Stadium
48,4,kkr,csk,kkr,runs,10.0,normal,2011-05-07,Eden Gardens
49,4,mi,dc,mi,runs,32.0,normal,2011-05-07,Wankhede Stadium
50,4,rcb,ktk,rcb,wickets,9.0,normal,2011-05-08,M Chinnaswamy Stadium
51,4,pk,pw,pw,wickets,5.0,normal,2011-05-08,"Punjab Cricket Association Stadium, Mohali"
52,4,rr,csk,csk,runs,63.0,normal,2011-05-09,Sawai Mansingh Stadium
53,4,dcg,pw,pw,wickets,6.0,normal,2011-05-10,"Rajiv Gandhi International Stadium, Uppal"
54,4,pk,mi,pk,runs,76.0,normal,2011-05-10,"Punjab Cricket Association Stadium, Mohali"
55,4,rr,rcb,rcb,wickets,9.0,normal,2011-05-11,Sawai Mansingh Stadium
56,4,csk,dc,csk,runs,18.0,normal,2011-05-12,"MA Chidambaram Stadium, Chepauk"
57,4,ktk,pk,pk,wickets,6.0,normal,2011-05-13,Holkar Cricket Stadium
58,4,rcb,kkr,rcb,wickets,4.0,normal,2011-05-14,M Chinnaswamy Stadium
59,4,mi,dcg,dcg,runs,10.0,normal,2011-05-14,Wankhede Stadium
60,4,pk,dc,pk,runs,29.0,normal,2011-05-15,Himachal Pradesh Cricket Association Stadium
61,4,ktk,rr,ktk,wickets,8.0,normal,2011-05-15,Holkar Cricket Stadium
62,4,pw,dcg,dcg,wickets,6.0,normal,2011-05-16,Dr DY Patil Sports Academy
63,4,pk,rcb,pk,runs,111.0,normal,2011-05-17,Himachal Pradesh Cricket Association Stadium
64,4,csk,ktk,csk,runs,11.0,normal,2011-05-18,"MA Chidambaram Stadium, Chepauk"
65,4,pw,kkr,kkr,wickets,7.0,normal,2011-05-19,Dr DY Patil Sports Academy
66,4,mi,rr,rr,wickets,10.0,normal,2011-05-20,Wankhede Stadium
67,4,pk,dcg,dcg,runs,82.0,normal,2011-05-21,Himachal Pradesh Cricket Association Stadium
68,4,dc,pw,,,,no result,2011-05-21,Feroz Shah Kotla
69,4,rcb,csk,rcb,wickets,8.0,normal,2011-05-22,M Chinnaswamy Stadium
70,4,kkr,mi,mi,wickets,5.0,normal,2011-05-22,Eden Gardens
Qualifier 1,4,rcb,csk,csk,wickets,6.0,normal,2011-05-24,Wankhede Stadium
Elimination Final,4,mi,kkr,mi,wickets,4.0,normal,2011-05-25,Wankhede Stadium
Qualifier 2,4,rcb,mi,rcb,runs,43.0,normal,2011-05-27,"MA Chidambaram Stadium, Chepauk"
Final,4,csk,rcb,csk,runs,58.0,normal,2011-05-28,"MA Chidambaram Stadium, Chepauk"
1,5,csk,mi,mi,wickets,8.0,normal,2012-04-04,"MA Chidambaram Stadium, Chepauk"
2,5,kkr,dc,dc,wickets,8.0,normal,2012-04-05,Eden Gardens
3,5,mi,pw,pw,runs,28.0,normal,2012-04-06,Wankhede Stadium
4,5,rr,pk,rr,runs,31.0,normal,2012-04-06,Sawai Mansingh Stadium
6,5,dcg,csk,csk,runs,74.0,normal,2012-04-07,Dr. Y.S. Rajasekhara Reddy ACA-VDCA Cricket Stadium
5,5,rcb,dc,rcb,runs,20.0,normal,2012-04-07,M Chinnaswamy Stadium
8,5,pw,pk,pw,runs,22.0,normal,2012-04-08,Subrata Roy Sahara Stadium
7,5,rr,kkr,rr,runs,22.0,normal,2012-04-08,Sawai Mansingh Stadium
9,5,dcg,mi,mi,wickets,5.0,normal,2012-04-09,Dr. Y.S. Rajasekhara Reddy ACA-VDCA Cricket Stadium
11,5,dc,csk,dc,wickets,8.0,normal,2012-04-10,Feroz Shah Kotla
10,5,rcb,kkr,kkr,runs,42.0,normal,2012-04-10,M Chinnaswamy Stadium
12,5,mi,rr,mi,runs,27.0,normal,2012-04-11,Wankhede Stadium
13,5,csk,rcb,csk,wickets,5.0,normal,2012-04-12,"MA Chidambaram Stadium, Chepauk"
14,5,pk,pw,pk,wickets,7.0,normal,2012-04-12,"Punjab Cricket Association Stadium, Mohali"
15,5,kkr,rr,kkr,wickets,5.0,normal,2012-04-13,Eden Gardens
16,5,pw,csk,pw,wickets,7.0,normal,2012-04-14,Subrata Roy Sahara Stadium
17,5,kkr,pk,pk,runs,2.0,normal,2012-04-15,Eden Gardens
18,5,rcb,rr,rr,runs,59.0,normal,2012-04-15,M Chinnaswamy Stadium
19,5,mi,dc,dc,wickets,7.0,normal,2012-04-16,Wankhede Stadium
20,5,rr,dcg,rr,wickets,5.0,normal,2012-04-17,Sawai Mansingh Stadium
21,5,rcb,pw,rcb,wickets,6.0,normal,2012-04-17,M Chinnaswamy Stadium
22,5,pk,kkr,kkr,wickets,8.0,normal,2012-04-18,"Punjab Cricket Association Stadium, Mohali"
24,5,csk,pw,csk,runs,13.0,normal,2012-04-19,"MA Chidambaram Stadium, Chepauk"
23,5,dc,dcg,dc,wickets,5.0,normal,2012-04-19,Feroz Shah Kotla
25,5,pk,rcb,rcb,wickets,5.0,normal,2012-04-20,"Punjab Cricket Association Stadium, Mohali"
26,5,csk,rr,csk,wickets,7.0,normal,2012-04-21,"MA Chidambaram Stadium, Chepauk"
27,5,dc,pw,pw,runs,20.0,normal,2012-04-21,Feroz Shah Kotla
28,5,mi,pk,pk,wickets,6.0,normal,2012-04-22,Wankhede Stadium
29,5,dcg,kkr,kkr,wickets,5.0,normal,2012-04-22,Barabati Stadium
30,5,rr,rcb,rcb,runs,46.0,normal,2012-04-23,Sawai Mansingh Stadium
31,5,pw,dc,dc,wickets,8.0,normal,2012-04-24,Subrata Roy Sahara Stadium
33,5,pk,mi,mi,wickets,4.0,normal,2012-04-25,"Punjab Cricket Association Stadium, Mohali"
35,5,pw,dcg,dcg,runs,18.0,normal,2012-04-26,Subrata Roy Sahara Stadium
36,5,dc,mi,dc,runs,37.0,normal,2012-04-27,Feroz Shah Kotla
37,5,csk,pk,pk,runs,7.0,normal,2012-04-28,"MA Chidambaram Stadium, Chepauk"
38,5,kkr,rcb,kkr,runs,47.0,normal,2012-04-28,Eden Gardens
39,5,dc,rr,dc,runs,1.0,normal,2012-04-29,Feroz Shah Kotla
40,5,mi,dcg,mi,wickets,5.0,normal,2012-04-29,Wankhede Stadium
41,5,csk,kkr,kkr,wickets,5.0,normal,2012-04-30,"MA Chidambaram Stadium, Chepauk"
42,5,dcg,pw,dcg,runs,13.0,normal,2012-05-01,Barabati Stadium
43,5,rr,dc,dc,wickets,6.0,normal,2012-05-01,Sawai Mansingh Stadium
44,5,rcb,pk,pk,wickets,4.0,normal,2012-05-02,M Chinnaswamy Stadium
45,5,pw,mi,mi,runs,1.0,normal,2012-05-03,Subrata Roy Sahara Stadium
46,5,csk,dcg,csk,runs,10.0,normal,2012-05-04,"MA Chidambaram Stadium, Chepauk"
47,5,kkr,pw,kkr,runs,7.0,normal,2012-05-05,Eden Gardens
48,5,pk,rr,rr,runs,43.0,normal,2012-05-05,"Punjab Cricket Association Stadium, Mohali"
49,5,mi,csk,mi,wickets,2.0,normal,2012-05-06,Wankhede Stadium
50,5,rcb,dcg,rcb,wickets,5.0,normal,2012-05-06,M Chinnaswamy Stadium
51,5,dc,kkr,kkr,wickets,6.0,normal,2012-05-07,Feroz Shah Kotla
53,5,dcg,pk,pk,runs,25.0,normal,2012-05-08,"Rajiv Gandhi International Stadium, Uppal"
52,5,pw,rr,rr,wickets,7.0,normal,2012-05-08,Subrata Roy Sahara Stadium
54,5,mi,rcb,rcb,wickets,9.0,normal,2012-05-09,Wankhede Stadium
56,5,rr,csk,csk,wickets,4.0,normal,2012-05-10,Sawai Mansingh Stadium
55,5,dcg,dc,dc,wickets,9.0,normal,2012-05-10,"Rajiv Gandhi International Stadium, Uppal"
57,5,pw,rcb,rcb,runs,35.0,normal,2012-05-11,Subrata Roy Sahara Stadium
58,5,kkr,mi,mi,runs,27.0,normal,2012-05-12,Eden Gardens
59,5,csk,dc,csk,wickets,9.0,normal,2012-05-12,"MA Chidambaram Stadium, Chepauk"
60,5,rr,pw,rr,runs,45.0,normal,2012-05-13,Sawai Mansingh Stadium
61,5,pk,dcg,pk,wickets,4.0,normal,2012-05-13,"Punjab Cricket Association Stadium, Mohali"
62,5,rcb,mi,mi,wickets,5.0,normal,2012-05-14,M Chinnaswamy Stadium
63,5,kkr,csk,csk,wickets,5.0,normal,2012-05-14,Eden Gardens
64,5,dc,pk,dc,wickets,5.0,normal,2012-05-15,Feroz Shah Kotla
65,5,mi,kkr,kkr,runs,32.0,normal,2012-05-16,Wankhede Stadium
67,5,dc,rcb,rcb,runs,21.0,normal,2012-05-17,Feroz Shah Kotla
66,5,pk,csk,pk,wickets,6.0,normal,2012-05-17,Himachal Pradesh Cricket Association Stadium
68,5,dcg,rr,dcg,wickets,5.0,normal,2012-05-18,"Rajiv Gandhi International Stadium, Uppal"
69,5,pk,dc,dc,wickets,6.0,normal,2012-05-19,Himachal Pradesh Cricket Association Stadium
70,5,pw,kkr,kkr,runs,34.0,normal,2012-05-19,Subrata Roy Sahara Stadium
72,5,rr,mi,mi,wickets,10.0,normal,2012-05-20,Sawai Mansingh Stadium
71,5,dcg,rcb,dcg,runs,9.0,normal,2012-05-20,"Rajiv Gandhi International Stadium, Uppal"
Qualifier 1,5,dc,kkr,kkr,runs,18.0,normal,2012-05-22,Subrata Roy Sahara Stadium
Elimination Final,5,csk,mi,csk,runs,38.0,normal,2012-05-23,M Chinnaswamy Stadium
Qualifier 2,5,dc,csk,csk,runs,86.0,normal,2012-05-25,"MA Chidambaram Stadium, Chepauk"
Final,5,kkr,csk,kkr,wickets,5.0,normal,2012-05-27,"MA Chidambaram Stadium, Chepauk"
1,6,kkr,dc,kkr,wickets,6.0,normal,2013-04-03,Eden Gardens
2,6,rcb,mi,rcb,runs,2.0,normal,2013-04-04,M Chinnaswamy Stadium
3,6,srh,pw,srh,runs,22.0,normal,2013-04-05,"Rajiv Gandhi International Stadium, Uppal"
4,6,dc,rr,rr,runs,5.0,normal,2013-04-06,Feroz Shah Kotla
5,6,csk,mi,mi,runs,9.0,normal,2013-04-06,"MA Chidambaram Stadium, Chepauk"
6,6,pw,pk,pk,wickets,8.0,normal,2013-04-07,Subrata Roy Sahara Stadium
7,6,srh,rcb,,,,tie,2013-04-07,"Rajiv Gandhi International Stadium, Uppal"
8,6,rr,kkr,rr,runs,19.0,normal,2013-04-08,Sawai Mansingh Stadium
9,6,rcb,srh,rcb,wickets,7.0,normal,2013-04-09,M Chinnaswamy Stadium
10,6,mi,dc,mi,runs,44.0,normal,2013-04-09,Wankhede Stadium
11,6,pk,csk,csk,wickets,10.0,normal,2013-04-10,"Punjab Cricket Association Stadium, Mohali"
12,6,rcb,kkr,rcb,wickets,8.0,normal,2013-04-11,M Chinnaswamy Stadium
13,6,pw,rr,pw,wickets,7.0,normal,2013-04-11,Subrata Roy Sahara Stadium
14,6,dc,srh,srh,wickets,3.0,normal,2013-04-12,Feroz Shah Kotla
16,6,csk,rcb,csk,wickets,4.0,normal,2013-04-13,"MA Chidambaram Stadium, Chepauk"
15,6,mi,pw,mi,runs,41.0,normal,2013-04-13,Wankhede Stadium
17,6,kkr,srh,kkr,runs,48.0,normal,2013-04-14,Eden Gardens
18,6,rr,pk,rr,wickets,6.0,normal,2013-04-14,Sawai Mansingh Stadium
19,6,csk,pw,pw,runs,24.0,normal,2013-04-15,"MA Chidambaram Stadium, Chepauk"
20,6,pk,kkr,pk,runs,4.0,normal,2013-04-16,"Punjab Cricket Association Stadium, Mohali"
21,6,rcb,dc,,,,tie,2013-04-16,M Chinnaswamy Stadium
22,6,pw,srh,srh,runs,11.0,normal,2013-04-17,Maharashtra Cricket Association Stadium
23,6,rr,mi,rr,runs,87.0,normal,2013-04-17,Sawai Mansingh Stadium
24,6,dc,csk,csk,runs,86.0,normal,2013-04-18,Feroz Shah Kotla
25,6,srh,pk,srh,wickets,5.0,normal,2013-04-19,"Rajiv Gandhi International Stadium, Uppal"
26,6,kkr,csk,csk,wickets,4.0,normal,2013-04-20,Eden Gardens
27,6,rcb,rr,rcb,wickets,7.0,normal,2013-04-20,M Chinnaswamy Stadium
28,6,dc,mi,dc,wickets,9.0,normal,2013-04-21,Feroz Shah Kotla
29,6,pk,pw,pk,wickets,7.0,normal,2013-04-21,"Punjab Cricket Association Stadium, Mohali"
30,6,csk,rr,csk,wickets,5.0,normal,2013-04-22,"MA Chidambaram Stadium, Chepauk"
32,6,dc,pk,pk,wickets,5.0,normal,2013-04-23,Feroz Shah Kotla
31,6,rcb,pw,rcb,runs,130.0,normal,2013-04-23,M Chinnaswamy Stadium
33,6,kkr,mi,mi,wickets,5.0,normal,2013-04-24,Eden Gardens
34,6,csk,srh,csk,wickets,5.0,normal,2013-04-25,"MA Chidambaram Stadium, Chepauk"
35,6,kkr,pk,kkr,wickets,6.0,normal,2013-04-26,Eden Gardens
36,6,rr,srh,rr,wickets,8.0,normal,2013-04-27,Sawai Mansingh Stadium
37,6,mi,rcb,mi,runs,58.0,normal,2013-04-27,Wankhede Stadium
38,6,csk,kkr,csk,runs,14.0,normal,2013-04-28,"MA Chidambaram Stadium, Chepauk"
39,6,dc,pw,dc,runs,15.0,normal,2013-04-28,Shaheed Veer Narayan Singh International Stadium
40,6,rr,rcb,rr,wickets,4.0,normal,2013-04-29,Sawai Mansingh Stadium
41,6,mi,pk,mi,runs,4.0,normal,2013-04-29,Wankhede Stadium
42,6,pw,csk,csk,runs,37.0,normal,2013-04-30,Subrata Roy Sahara Stadium
43,6,srh,mi,srh,wickets,7.0,normal,2013-05-01,"Rajiv Gandhi International Stadium, Uppal"
44,6,dc,kkr,dc,wickets,7.0,normal,2013-05-01,Shaheed Veer Narayan Singh International Stadium
45,6,csk,pk,csk,runs,15.0,normal,2013-05-02,"MA Chidambaram Stadium, Chepauk"
46,6,pw,rcb,rcb,runs,17.0,normal,2013-05-02,Subrata Roy Sahara Stadium
47,6,kkr,rr,kkr,wickets,8.0,normal,2013-05-03,Eden Gardens
48,6,srh,dc,srh,wickets,6.0,normal,2013-05-04,"Rajiv Gandhi International Stadium, Uppal"
49,6,mi,csk,mi,runs,60.0,normal,2013-05-05,Wankhede Stadium
50,6,rr,pw,rr,wickets,5.0,normal,2013-05-05,Sawai Mansingh Stadium
51,6,pk,rcb,pk,wickets,6.0,normal,2013-05-06,"Punjab Cricket Association Stadium, Mohali"
52,6,rr,dc,rr,wickets,9.0,normal,2013-05-07,Sawai Mansingh Stadium
53,6,mi,kkr,mi,runs,65.0,normal,2013-05-07,Wankhede Stadium
54,6,srh,csk,csk,runs,77.0,normal,2013-05-08,"Rajiv Gandhi International Stadium, Uppal"
55,6,pk,rr,rr,wickets,8.0,normal,2013-05-09,"Punjab Cricket Association Stadium, Mohali"
56,6,pw,kkr,kkr,runs,46.0,normal,2013-05-09,Subrata Roy Sahara Stadium
57,6,dc,rcb,rcb,runs,4.0,normal,2013-05-10,Feroz Shah Kotla
58,6,pw,mi,mi,wickets,5.0,normal,2013-05-11,Subrata Roy Sahara Stadium
59,6,pk,srh,srh,runs,30.0,normal,2013-05-11,"Punjab Cricket Association Stadium, Mohali"
60,6,kkr,rcb,kkr,wickets,5.0,normal,2013-05-12,JSCA International Stadium Complex
61,6,rr,csk,rr,wickets,5.0,normal,2013-05-12,Sawai Mansingh Stadium
62,6,mi,srh,mi,wickets,7.0,normal,2013-05-13,Wankhede Stadium
63,6,rcb,pk,pk,wickets,7.0,normal,2013-05-14,M Chinnaswamy Stadium
64,6,csk,dc,csk,runs,33.0,normal,2013-05-14,"MA Chidambaram Stadium, Chepauk"
66,6,mi,rr,mi,runs,14.0,normal,2013-05-15,Wankhede Stadium
65,6,kkr,pw,pw,runs,7.0,normal,2013-05-15,JSCA International Stadium Complex
67,6,pk,dc,pk,runs,7.0,normal,2013-05-16,Himachal Pradesh Cricket Association Stadium
68,6,srh,rr,srh,runs,23.0,normal,2013-05-17,"Rajiv Gandhi International Stadium, Uppal"
69,6,pk,mi,pk,runs,50.0,normal,2013-05-18,Himachal Pradesh Cricket Association Stadium
70,6,rcb,csk,rcb,runs,24.0,normal,2013-05-18,M Chinnaswamy Stadium
71,6,pw,dc,pw,runs,38.0,normal,2013-05-19,Subrata Roy Sahara Stadium
72,6,srh,kkr,srh,wickets,5.0,normal,2013-05-19,"Rajiv Gandhi International Stadium, Uppal"
Qualifier 1,6,csk,mi,csk,runs,48.0,normal,2013-05-21,Feroz Shah Kotla
Eliminator,6,rr,srh,rr,wickets,4.0,normal,2013-05-22,Feroz Shah Kotla
Qualifier 2,6,mi,rr,mi,wickets,4.0,normal,2013-05-24,Eden Gardens
Final,6,csk,mi,mi,runs,23.0,normal,2013-05-26,Eden Gardens
1,7,mi,kkr,kkr,runs,41.0,normal,2014-04-16,Sheikh Zayed Stadium
2,7,dc,rcb,rcb,wickets,8.0,normal,2014-04-17,Sharjah Cricket Stadium
4,7,srh,rr,rr,wickets,4.0,normal,2014-04-18,Sheikh Zayed Stadium
3,7,csk,pk,pk,wickets,6.0,normal,2014-04-18,Sheikh Zayed Stadium
5,7,rcb,mi,rcb,wickets,7.0,normal,2014-04-19,Dubai International Cricket Stadium
6,7,kkr,dc,dc,wickets,4.0,normal,2014-04-19,Dubai International Cricket Stadium
7,7,rr,pk,pk,wickets,7.0,normal,2014-04-20,Sharjah Cricket Stadium
8,7,csk,dc,csk,runs,93.0,normal,2014-04-21,Sheikh Zayed Stadium
9,7,pk,srh,pk,runs,72.0,normal,2014-04-22,Sharjah Cricket Stadium
10,7,rr,csk,csk,runs,7.0,normal,2014-04-23,Dubai International Cricket Stadium
11,7,rcb,kkr,kkr,runs,2.0,normal,2014-04-24,Sharjah Cricket Stadium
12,7,srh,dc,srh,runs,4.0,normal,2014-04-25,Dubai International Cricket Stadium
13,7,csk,mi,csk,wickets,7.0,normal,2014-04-25,Dubai International Cricket Stadium
14,7,rr,rcb,rr,wickets,6.0,normal,2014-04-26,Sheikh Zayed Stadium
15,7,kkr,pk,pk,runs,23.0,normal,2014-04-26,Sheikh Zayed Stadium
16,7,dc,mi,dc,wickets,6.0,normal,2014-04-27,Sharjah Cricket Stadium
17,7,srh,csk,csk,wickets,5.0,normal,2014-04-27,Sharjah Cricket Stadium
18,7,pk,rcb,pk,wickets,5.0,normal,2014-04-28,Dubai International Cricket Stadium
19,7,kkr,rr,,,,tie,2014-04-29,Sheikh Zayed Stadium
20,7,mi,srh,srh,runs,15.0,normal,2014-04-30,Dubai International Cricket Stadium
21,7,csk,kkr,csk,runs,34.0,normal,2014-05-02,JSCA International Stadium Complex
23,7,dc,rr,rr,wickets,7.0,normal,2014-05-03,Feroz Shah Kotla
22,7,mi,pk,mi,wickets,5.0,normal,2014-05-03,Wankhede Stadium
24,7,rcb,srh,rcb,wickets,4.0,normal,2014-05-04,M Chinnaswamy Stadium
25,7,rr,kkr,rr,runs,10.0,normal,2014-05-05,"Sardar Patel Stadium, Motera"
26,7,dc,csk,csk,wickets,8.0,normal,2014-05-05,Feroz Shah Kotla
27,7,mi,rcb,mi,runs,19.0,normal,2014-05-06,Wankhede Stadium
28,7,dc,kkr,kkr,wickets,8.0,normal,2014-05-07,Feroz Shah Kotla
29,7,pk,csk,pk,runs,44.0,normal,2014-05-07,Barabati Stadium
30,7,rr,srh,srh,runs,32.0,normal,2014-05-08,"Sardar Patel Stadium, Motera"
31,7,rcb,pk,pk,runs,32.0,normal,2014-05-09,M Chinnaswamy Stadium
32,7,dc,srh,srh,wickets,8.0,normal,2014-05-10,Feroz Shah Kotla
33,7,mi,csk,csk,wickets,4.0,normal,2014-05-10,Wankhede Stadium
35,7,rcb,rr,rr,wickets,5.0,normal,2014-05-11,M Chinnaswamy Stadium
34,7,pk,kkr,kkr,wickets,9.0,normal,2014-05-11,Barabati Stadium
36,7,srh,mi,mi,wickets,7.0,normal,2014-05-12,"Rajiv Gandhi International Stadium, Uppal"
37,7,csk,rr,csk,wickets,5.0,normal,2014-05-13,JSCA International Stadium Complex
38,7,rcb,dc,rcb,runs,16.0,normal,2014-05-13,M Chinnaswamy Stadium
40,7,kkr,mi,kkr,wickets,6.0,normal,2014-05-14,Barabati Stadium
39,7,srh,pk,pk,wickets,6.0,normal,2014-05-14,"Rajiv Gandhi International Stadium, Uppal"
41,7,rr,dc,rr,runs,62.0,normal,2014-05-15,"Sardar Patel Stadium, Motera"
42,7,csk,rcb,rcb,wickets,5.0,normal,2014-05-18,JSCA International Stadium Complex
43,7,srh,kkr,kkr,wickets,7.0,normal,2014-05-18,"Rajiv Gandhi International Stadium, Uppal"
44,7,rr,mi,mi,runs,25.0,normal,2014-05-19,"Sardar Patel Stadium, Motera"
45,7,dc,pk,pk,wickets,4.0,normal,2014-05-19,Feroz Shah Kotla
46,7,srh,rcb,srh,wickets,7.0,normal,2014-05-20,"Rajiv Gandhi International Stadium, Uppal"
47,7,kkr,csk,kkr,wickets,8.0,normal,2014-05-20,Eden Gardens
48,7,pk,mi,mi,wickets,7.0,normal,2014-05-21,"Punjab Cricket Association Stadium, Mohali"
49,7,kkr,rcb,kkr,runs,30.0,normal,2014-05-22,Eden Gardens
50,7,csk,srh,srh,wickets,6.0,normal,2014-05-22,JSCA International Stadium Complex
51,7,mi,dc,mi,runs,15.0,normal,2014-05-23,Wankhede Stadium
52,7,pk,rr,pk,runs,16.0,normal,2014-05-23,"Punjab Cricket Association Stadium, Mohali"
53,7,rcb,csk,csk,wickets,8.0,normal,2014-05-24,M Chinnaswamy Stadium
54,7,kkr,srh,kkr,wickets,4.0,normal,2014-05-24,Eden Gardens
55,7,pk,dc,pk,wickets,7.0,normal,2014-05-25,"Punjab Cricket Association Stadium, Mohali"
56,7,mi,rr,mi,wickets,5.0,normal,2014-05-25,Wankhede Stadium
Qualifier 1,7,pk,kkr,kkr,runs,28.0,normal,2014-05-27,Eden Gardens
Eliminator,7,csk,mi,csk,wickets,7.0,normal,2014-05-28,Brabourne Stadium
Qualifier 2,7,csk,pk,pk,runs,24.0,normal,2014-05-30,Wankhede Stadium
Final,7,kkr,pk,kkr,wickets,3.0,normal,2014-06-01,M Chinnaswamy Stadium
1,8,kkr,mi,kkr,wickets,7.0,normal,2015-04-08,Eden Gardens
2,8,csk,dc,csk,runs,1.0,normal,2015-04-09,"MA Chidambaram Stadium, Chepauk"
3,8,pk,rr,rr,runs,26.0,normal,2015-04-10,Maharashtra Cricket Association Stadium
4,8,csk,srh,csk,runs,45.0,normal,2015-04-11,"MA Chidambaram Stadium, Chepauk"
5,8,kkr,rcb,rcb,wickets,3.0,normal,2015-04-11,Eden Gardens
6,8,dc,rr,rr,wickets,3.0,normal,2015-04-12,Feroz Shah Kotla
7,8,mi,pk,pk,runs,18.0,normal,2015-04-12,Wankhede Stadium
8,8,rcb,srh,srh,wickets,8.0,normal,2015-04-13,M Chinnaswamy Stadium
9,8,rr,mi,rr,wickets,7.0,normal,2015-04-14,"Sardar Patel Stadium, Motera"
10,8,pk,dc,dc,wickets,5.0,normal,2015-04-15,Maharashtra Cricket Association Stadium
11,8,srh,rr,rr,wickets,6.0,normal,2015-04-16,Dr. Y.S. Rajasekhara Reddy ACA-VDCA Cricket Stadium
12,8,mi,csk,csk,wickets,6.0,normal,2015-04-17,Wankhede Stadium
13,8,srh,dc,dc,runs,4.0,normal,2015-04-18,Dr. Y.S. Rajasekhara Reddy ACA-VDCA Cricket Stadium
14,8,pk,kkr,kkr,wickets,4.0,normal,2015-04-18,Maharashtra Cricket Association Stadium
15,8,rr,csk,rr,wickets,8.0,normal,2015-04-19,"Sardar Patel Stadium, Motera"
16,8,rcb,mi,mi,runs,18.0,normal,2015-04-19,M Chinnaswamy Stadium
17,8,dc,kkr,kkr,wickets,6.0,normal,2015-04-20,Feroz Shah Kotla
18,8,rr,pk,,,,tie,2015-04-21,"Sardar Patel Stadium, Motera"
19,8,srh,kkr,srh,runs,16.0,normal,2015-04-22,Dr. Y.S. Rajasekhara Reddy ACA-VDCA Cricket Stadium
20,8,rcb,csk,csk,runs,27.0,normal,2015-04-22,M Chinnaswamy Stadium
21,8,dc,mi,dc,runs,37.0,normal,2015-04-23,Feroz Shah Kotla
22,8,rr,rcb,rcb,wickets,9.0,normal,2015-04-24,"Sardar Patel Stadium, Motera"
23,8,mi,srh,mi,runs,20.0,normal,2015-04-25,Wankhede Stadium
24,8,csk,pk,csk,runs,97.0,normal,2015-04-25,"MA Chidambaram Stadium, Chepauk"
26,8,dc,rcb,rcb,wickets,10.0,normal,2015-04-26,Feroz Shah Kotla
27,8,pk,srh,srh,runs,20.0,normal,2015-04-27,"Punjab Cricket Association Stadium, Mohali"
28,8,csk,kkr,csk,runs,2.0,normal,2015-04-28,"MA Chidambaram Stadium, Chepauk"
29,8,rcb,rr,,,,no result,2015-04-29,M Chinnaswamy Stadium
30,8,kkr,csk,kkr,wickets,7.0,normal,2015-04-30,Eden Gardens
32,8,mi,rr,mi,runs,8.0,normal,2015-05-01,Wankhede Stadium
31,8,dc,pk,dc,wickets,9.0,normal,2015-05-01,Feroz Shah Kotla
33,8,rcb,kkr,rcb,wickets,7.0,normal,2015-05-02,M Chinnaswamy Stadium
34,8,srh,csk,srh,runs,22.0,normal,2015-05-02,"Rajiv Gandhi International Stadium, Uppal"
35,8,pk,mi,mi,runs,23.0,normal,2015-05-03,"Punjab Cricket Association Stadium, Mohali"
36,8,rr,dc,rr,runs,14.0,normal,2015-05-03,Brabourne Stadium
37,8,csk,rcb,csk,runs,24.0,normal,2015-05-04,"MA Chidambaram Stadium, Chepauk"
38,8,kkr,srh,kkr,runs,35.0,normal,2015-05-04,Eden Gardens
39,8,mi,dc,mi,wickets,5.0,normal,2015-05-05,Wankhede Stadium
40,8,rcb,pk,rcb,runs,138.0,normal,2015-05-06,M Chinnaswamy Stadium
41,8,rr,srh,srh,runs,7.0,normal,2015-05-07,Brabourne Stadium
42,8,kkr,dc,kkr,runs,13.0,normal,2015-05-07,Eden Gardens
43,8,csk,mi,mi,wickets,6.0,normal,2015-05-08,"MA Chidambaram Stadium, Chepauk"
44,8,kkr,pk,kkr,wickets,1.0,normal,2015-05-09,Eden Gardens
45,8,dc,srh,srh,runs,6.0,normal,2015-05-09,Shaheed Veer Narayan Singh International Stadium
46,8,mi,rcb,rcb,runs,39.0,normal,2015-05-10,Wankhede Stadium
47,8,csk,rr,csk,runs,12.0,normal,2015-05-10,"MA Chidambaram Stadium, Chepauk"
48,8,srh,pk,srh,runs,5.0,normal,2015-05-11,"Rajiv Gandhi International Stadium, Uppal"
49,8,dc,csk,dc,wickets,6.0,normal,2015-05-12,Shaheed Veer Narayan Singh International Stadium
50,8,pk,rcb,pk,runs,22.0,normal,2015-05-13,"Punjab Cricket Association Stadium, Mohali"
51,8,mi,kkr,mi,runs,5.0,normal,2015-05-14,Wankhede Stadium
52,8,srh,rcb,rcb,wickets,6.0,normal,2015-05-15,"Rajiv Gandhi International Stadium, Uppal"
54,8,rr,kkr,rr,runs,9.0,normal,2015-05-16,Brabourne Stadium
53,8,pk,csk,csk,wickets,7.0,normal,2015-05-16,"Punjab Cricket Association Stadium, Mohali"
55,8,rcb,dc,,,,no result,2015-05-17,M Chinnaswamy Stadium
56,8,srh,mi,mi,wickets,9.0,normal,2015-05-17,"Rajiv Gandhi International Stadium, Uppal"
Qualifier 1,8,csk,mi,mi,runs,25.0,normal,2015-05-19,Wankhede Stadium
Eliminator,8,rcb,rr,rcb,runs,71.0,normal,2015-05-20,Maharashtra Cricket Association Stadium
Qualifier 2,8,csk,rcb,csk,wickets,3.0,normal,2015-05-22,JSCA International Stadium Complex
Final,8,mi,csk,mi,runs,41.0,normal,2015-05-24,Eden Gardens
1,9,mi,rps,rps,wickets,9.0,normal,2016-04-09,Wankhede Stadium
2,9,kkr,dc,kkr,wickets,9.0,normal,2016-04-10,Eden Gardens
3,9,pk,gl,gl,wickets,5.0,normal,2016-04-11,"Punjab Cricket Association IS Bindra Stadium, Mohali"
4,9,rcb,srh,rcb,runs,45.0,normal,2016-04-12,M Chinnaswamy Stadium
5,9,kkr,mi,mi,wickets,6.0,normal,2016-04-13,Eden Gardens
6,9,gl,rps,gl,wickets,7.0,normal,2016-04-14,Saurashtra Cricket Association Stadium
7,9,dc,pk,dc,wickets,8.0,normal,2016-04-15,Feroz Shah Kotla
8,9,srh,kkr,kkr,wickets,8.0,normal,2016-04-16,"Rajiv Gandhi International Stadium, Uppal"
9,9,mi,gl,gl,wickets,3.0,normal,2016-04-16,Wankhede Stadium
11,9,rcb,dc,dc,wickets,7.0,normal,2016-04-17,M Chinnaswamy Stadium
10,9,pk,rps,pk,wickets,6.0,normal,2016-04-17,"Punjab Cricket Association IS Bindra Stadium, Mohali"
12,9,srh,mi,srh,wickets,7.0,normal,2016-04-18,"Rajiv Gandhi International Stadium, Uppal"
13,9,pk,kkr,kkr,wickets,6.0,normal,2016-04-19,"Punjab Cricket Association IS Bindra Stadium, Mohali"
14,9,mi,rcb,mi,wickets,6.0,normal,2016-04-20,Wankhede Stadium
15,9,gl,srh,srh,wickets,10.0,normal,2016-04-21,Saurashtra Cricket Association Stadium
16,9,rps,rcb,rcb,runs,13.0,normal,2016-04-22,Maharashtra Cricket Association Stadium
17,9,dc,mi,dc,runs,10.0,normal,2016-04-23,Feroz Shah Kotla
18,9,srh,pk,srh,wickets,5.0,normal,2016-04-23,"Rajiv Gandhi International Stadium, Uppal"
19,9,gl,rcb,gl,wickets,6.0,normal,2016-04-24,Saurashtra Cricket Association Stadium
20,9,rps,kkr,kkr,wickets,2.0,normal,2016-04-24,Maharashtra Cricket Association Stadium
21,9,pk,mi,mi,runs,25.0,normal,2016-04-25,"Punjab Cricket Association IS Bindra Stadium, Mohali"
22,9,srh,rps,rps,runs,34.0,normal,2016-04-26,"Rajiv Gandhi International Stadium, Uppal"
23,9,dc,gl,gl,runs,1.0,normal,2016-04-27,Feroz Shah Kotla
24,9,mi,kkr,mi,wickets,6.0,normal,2016-04-28,Wankhede Stadium
25,9,rps,gl,gl,wickets,3.0,normal,2016-04-29,Maharashtra Cricket Association Stadium
27,9,srh,rcb,srh,runs,15.0,normal,2016-04-30,"Rajiv Gandhi International Stadium, Uppal"
26,9,dc,kkr,dc,runs,27.0,normal,2016-04-30,Feroz Shah Kotla
28,9,gl,pk,pk,runs,23.0,normal,2016-05-01,Saurashtra Cricket Association Stadium
29,9,rps,mi,mi,wickets,8.0,normal,2016-05-01,Maharashtra Cricket Association Stadium
30,9,rcb,kkr,kkr,wickets,5.0,normal,2016-05-02,M Chinnaswamy Stadium
31,9,gl,dc,dc,wickets,8.0,normal,2016-05-03,Saurashtra Cricket Association Stadium
32,9,kkr,pk,kkr,runs,7.0,normal,2016-05-04,Eden Gardens
33,9,dc,rps,rps,wickets,7.0,normal,2016-05-05,Feroz Shah Kotla
34,9,srh,gl,srh,wickets,5.0,normal,2016-05-06,"Rajiv Gandhi International Stadium, Uppal"
35,9,rcb,rps,rcb,wickets,7.0,normal,2016-05-07,M Chinnaswamy Stadium
36,9,pk,dc,pk,runs,9.0,normal,2016-05-07,"Punjab Cricket Association IS Bindra Stadium, Mohali"
37,9,mi,srh,srh,runs,85.0,normal,2016-05-08,Dr. Y.S. Rajasekhara Reddy ACA-VDCA Cricket Stadium
38,9,kkr,gl,gl,wickets,5.0,normal,2016-05-08,Eden Gardens
39,9,pk,rcb,rcb,runs,1.0,normal,2016-05-09,"Punjab Cricket Association IS Bindra Stadium, Mohali"
40,9,rps,srh,srh,runs,4.0,normal,2016-05-10,Dr. Y.S. Rajasekhara Reddy ACA-VDCA Cricket Stadium
41,9,rcb,mi,mi,wickets,6.0,normal,2016-05-11,M Chinnaswamy Stadium
42,9,srh,dc,dc,wickets,7.0,normal,2016-05-12,"Rajiv Gandhi International Stadium, Uppal"
43,9,mi,pk,pk,wickets,7.0,normal,2016-05-13,Dr. Y.S. Rajasekhara Reddy ACA-VDCA Cricket Stadium
44,9,rcb,gl,rcb,runs,144.0,normal,2016-05-14,M Chinnaswamy Stadium
45,9,kkr,rps,kkr,wickets,8.0,normal,2016-05-14,Eden Gardens
47,9,mi,dc,mi,runs,80.0,normal,2016-05-15,Dr. Y.S. Rajasekhara Reddy ACA-VDCA Cricket Stadium
46,9,pk,srh,srh,wickets,7.0,normal,2016-05-15,"Punjab Cricket Association IS Bindra Stadium, Mohali"
48,9,kkr,rcb,rcb,wickets,9.0,normal,2016-05-16,Eden Gardens
49,9,rps,dc,rps,runs,19.0,normal,2016-05-17,Dr. Y.S. Rajasekhara Reddy ACA-VDCA Cricket Stadium
50,9,rcb,pk,rcb,runs,82.0,normal,2016-05-18,M Chinnaswamy Stadium
51,9,gl,kkr,gl,wickets,6.0,normal,2016-05-19,Green Park
52,9,dc,srh,dc,wickets,6.0,normal,2016-05-20,Shaheed Veer Narayan Singh International Stadium
53,9,rps,pk,rps,wickets,4.0,normal,2016-05-21,Dr. Y.S. Rajasekhara Reddy ACA-VDCA Cricket Stadium
54,9,gl,mi,gl,wickets,6.0,normal,2016-05-21,Green Park
55,9,kkr,srh,kkr,runs,22.0,normal,2016-05-22,Eden Gardens
56,9,dc,rcb,rcb,wickets,6.0,normal,2016-05-22,Shaheed Veer Narayan Singh International Stadium
Qualifier 1,9,gl,rcb,rcb,wickets,4.0,normal,2016-05-24,M Chinnaswamy Stadium
Elimination Final,9,srh,kkr,srh,runs,22.0,normal,2016-05-25,Feroz Shah Kotla
Qualifier 2,9,gl,srh,srh,wickets,4.0,normal,2016-05-27,Feroz Shah Kotla
Final,9,rcb,srh,srh,runs,8.0,normal,2016-05-29,M Chinnaswamy Stadium
1,10,srh,rcb,srh,runs,35.0,normal,2017-04-05,"Rajiv Gandhi International Stadium, Uppal"
2,10,rps,mi,rps,wickets,7.0,normal,2017-04-06,Maharashtra Cricket Association Stadium
3,10,gl,kkr,kkr,wickets,10.0,normal,2017-04-07,Saurashtra Cricket Association Stadium
4,10,pk,rps,pk,wickets,6.0,normal,2017-04-08,Holkar Cricket Stadium
5,10,rcb,dc,rcb,runs,15.0,normal,2017-04-08,M.Chinnaswamy Stadium
6,10,srh,gl,srh,wickets,9.0,normal,2017-04-09,"Rajiv Gandhi International Stadium, Uppal"
7,10,mi,kkr,mi,wickets,4.0,normal,2017-04-09,Wankhede Stadium
8,10,pk,rcb,pk,wickets,8.0,normal,2017-04-10,Holkar Cricket Stadium
9,10,rps,dc,dc,runs,97.0,normal,2017-04-11,Maharashtra Cricket Association Stadium
10,10,mi,srh,mi,wickets,4.0,normal,2017-04-12,Wankhede Stadium
11,10,kkr,pk,kkr,wickets,8.0,normal,2017-04-13,Eden Gardens
13,10,gl,rps,gl,wickets,7.0,normal,2017-04-14,Saurashtra Cricket Association Stadium
12,10,rcb,mi,mi,wickets,4.0,normal,2017-04-14,M Chinnaswamy Stadium
14,10,kkr,srh,kkr,runs,17.0,normal,2017-04-15,Eden Gardens
15,10,dc,pk,dc,runs,51.0,normal,2017-04-15,Feroz Shah Kotla
17,10,rcb,rps,rps,runs,27.0,normal,2017-04-16,M Chinnaswamy Stadium
16,10,mi,gl,mi,wickets,6.0,normal,2017-04-16,Wankhede Stadium
19,10,srh,pk,srh,runs,5.0,normal,2017-04-17,"Rajiv Gandhi International Stadium, Uppal"
18,10,dc,kkr,kkr,wickets,4.0,normal,2017-04-17,Feroz Shah Kotla
20,10,gl,rcb,rcb,runs,21.0,normal,2017-04-18,Saurashtra Cricket Association Stadium
21,10,srh,dc,srh,runs,15.0,normal,2017-04-19,"Rajiv Gandhi International Stadium, Uppal"
22,10,pk,mi,mi,wickets,8.0,normal,2017-04-20,Holkar Cricket Stadium
23,10,kkr,gl,gl,wickets,4.0,normal,2017-04-21,Eden Gardens
25,10,mi,dc,mi,runs,14.0,normal,2017-04-22,Wankhede Stadium
24,10,rps,srh,rps,wickets,6.0,normal,2017-04-22,Maharashtra Cricket Association Stadium
26,10,gl,pk,pk,runs,26.0,normal,2017-04-23,Saurashtra Cricket Association Stadium
27,10,kkr,rcb,kkr,runs,82.0,normal,2017-04-23,Eden Gardens
28,10,mi,rps,rps,runs,3.0,normal,2017-04-24,Wankhede Stadium
30,10,rps,kkr,kkr,wickets,7.0,normal,2017-04-26,Maharashtra Cricket Association Stadium
31,10,rcb,gl,gl,wickets,7.0,normal,2017-04-27,M Chinnaswamy Stadium
32,10,kkr,dc,kkr,wickets,7.0,normal,2017-04-28,Eden Gardens
33,10,pk,srh,srh,runs,26.0,normal,2017-04-28,"Punjab Cricket Association IS Bindra Stadium, Mohali"
35,10,gl,mi,,,,tie,2017-04-29,Saurashtra Cricket Association Stadium
34,10,rps,rcb,rps,runs,61.0,normal,2017-04-29,Maharashtra Cricket Association Stadium
37,10,srh,kkr,srh,runs,48.0,normal,2017-04-30,"Rajiv Gandhi International Stadium, Uppal"
36,10,pk,dc,pk,wickets,10.0,normal,2017-04-30,"Punjab Cricket Association IS Bindra Stadium, Mohali"
38,10,mi,rcb,mi,wickets,5.0,normal,2017-05-01,Wankhede Stadium
39,10,rps,gl,rps,wickets,5.0,normal,2017-05-01,Maharashtra Cricket Association Stadium
40,10,dc,srh,dc,wickets,6.0,normal,2017-05-02,Feroz Shah Kotla
41,10,kkr,rps,rps,wickets,4.0,normal,2017-05-03,Eden Gardens
42,10,dc,gl,dc,wickets,7.0,normal,2017-05-04,Feroz Shah Kotla
43,10,rcb,pk,pk,runs,19.0,normal,2017-05-05,M Chinnaswamy Stadium
44,10,srh,rps,rps,runs,12.0,normal,2017-05-06,"Rajiv Gandhi International Stadium, Uppal"
45,10,dc,mi,mi,runs,146.0,normal,2017-05-06,Feroz Shah Kotla
46,10,rcb,kkr,kkr,wickets,6.0,normal,2017-05-07,M Chinnaswamy Stadium
47,10,pk,gl,gl,wickets,6.0,normal,2017-05-07,"Punjab Cricket Association IS Bindra Stadium, Mohali"
48,10,srh,mi,srh,wickets,7.0,normal,2017-05-08,"Rajiv Gandhi International Stadium, Uppal"
49,10,pk,kkr,pk,runs,14.0,normal,2017-05-09,"Punjab Cricket Association IS Bindra Stadium, Mohali"
50,10,gl,dc,dc,wickets,2.0,normal,2017-05-10,Green Park
51,10,mi,pk,pk,runs,7.0,normal,2017-05-11,Wankhede Stadium
52,10,dc,rps,dc,runs,7.0,normal,2017-05-12,Feroz Shah Kotla
53,10,gl,srh,srh,wickets,8.0,normal,2017-05-13,Green Park
54,10,kkr,mi,mi,runs,9.0,normal,2017-05-13,Eden Gardens
55,10,rps,pk,rps,wickets,9.0,normal,2017-05-14,Maharashtra Cricket Association Stadium
56,10,dc,rcb,rcb,runs,10.0,normal,2017-05-14,Feroz Shah Kotla
Qualifier 1,10,mi,rps,rps,runs,20.0,normal,2017-05-16,Wankhede Stadium
Eliminator,10,srh,kkr,kkr,wickets,7.0,normal,2017-05-17,M Chinnaswamy Stadium
Qualifier 2,10,mi,kkr,mi,wickets,6.0,normal,2017-05-19,M Chinnaswamy Stadium
Final,10,mi,rps,mi,runs,1.0,normal,2017-05-21,"Rajiv Gandhi International Stadium, Uppal"
1,11,mi,csk,csk,wickets,1.0,normal,2018-04-07,Wankhede Stadium
2,11,dc,pk,pk,wickets,6.0,normal,2018-04-08,Punjab Cricket Association IS Bindra Stadium
3,11,rcb,kkr,kkr,wickets,4.0,normal,2018-04-08,Eden Gardens
4,11,rr,srh,srh,wickets,9.0,normal,2018-04-09,Rajiv Gandhi International Stadium
5,11,kkr,csk,csk,wickets,5.0,normal,2018-04-10,MA Chidambaram Stadium
6,11,rr,dc,rr,runs,10.0,normal,2018-04-11,Sawai Mansingh Stadium
7,11,mi,srh,srh,wickets,1.0,normal,2018-04-12,Rajiv Gandhi International Stadium
8,11,pk,rcb,rcb,wickets,4.0,normal,2018-04-13,M.Chinnaswamy Stadium
9,11,mi,dc,dc,wickets,7.0,normal,2018-04-14,Wankhede Stadium
10,11,kkr,srh,srh,wickets,5.0,normal,2018-04-14,Eden Gardens
11,11,rr,rcb,rr,runs,19.0,normal,2018-04-15,M.Chinnaswamy Stadium
12,11,pk,csk,pk,runs,4.0,normal,2018-04-15,Punjab Cricket Association IS Bindra Stadium
13,11,kkr,dc,kkr,runs,71.0,normal,2018-04-16,Eden Gardens
14,11,mi,rcb,mi,runs,46.0,normal,2018-04-17,Wankhede Stadium
15,11,rr,kkr,kkr,wickets,7.0,normal,2018-04-18,Sawai Mansingh Stadium
16,11,pk,srh,pk,runs,15.0,normal,2018-04-19,Punjab Cricket Association IS Bindra Stadium
17,11,csk,rr,csk,runs,64.0,normal,2018-04-20,Maharashtra Cricket Association Stadium
19,11,dc,rcb,rcb,wickets,6.0,normal,2018-04-21,M.Chinnaswamy Stadium
18,11,kkr,pk,pk,wickets,9.0,normal,2018-04-21,Eden Gardens
20,11,csk,srh,csk,runs,4.0,normal,2018-04-22,Rajiv Gandhi International Stadium
21,11,mi,rr,rr,wickets,3.0,normal,2018-04-22,Sawai Mansingh Stadium
22,11,pk,dc,pk,runs,4.0,normal,2018-04-23,Arun Jaitley Stadium
23,11,srh,mi,srh,runs,31.0,normal,2018-04-24,Wankhede Stadium
24,11,rcb,csk,csk,wickets,5.0,normal,2018-04-25,M.Chinnaswamy Stadium
25,11,srh,pk,srh,runs,13.0,normal,2018-04-26,Rajiv Gandhi International Stadium
26,11,dc,kkr,dc,runs,55.0,normal,2018-04-27,Arun Jaitley Stadium
27,11,csk,mi,mi,wickets,8.0,normal,2018-04-28,Maharashtra Cricket Association Stadium
28,11,srh,rr,srh,runs,11.0,normal,2018-04-29,Sawai Mansingh Stadium
29,11,rcb,kkr,kkr,wickets,6.0,normal,2018-04-29,M.Chinnaswamy Stadium
30,11,csk,dc,csk,runs,13.0,normal,2018-04-30,Maharashtra Cricket Association Stadium
31,11,rcb,mi,rcb,runs,14.0,normal,2018-05-01,M.Chinnaswamy Stadium
32,11,dc,rr,dc,runs,4.0,normal,2018-05-02,Arun Jaitley Stadium
33,11,csk,kkr,kkr,wickets,6.0,normal,2018-05-03,Eden Gardens
34,11,pk,mi,mi,wickets,6.0,normal,2018-05-04,Holkar Cricket Stadium
36,11,dc,srh,srh,wickets,7.0,normal,2018-05-05,Rajiv Gandhi International Stadium
35,11,rcb,csk,csk,wickets,6.0,normal,2018-05-05,Maharashtra Cricket Association Stadium
37,11,mi,kkr,mi,runs,13.0,normal,2018-05-06,Wankhede Stadium
38,11,rr,pk,pk,wickets,6.0,normal,2018-05-06,Holkar Cricket Stadium
39,11,srh,rcb,srh,runs,5.0,normal,2018-05-07,Rajiv Gandhi International Stadium
40,11,rr,pk,rr,runs,15.0,normal,2018-05-08,Sawai Mansingh Stadium
41,11,mi,kkr,mi,runs,102.0,normal,2018-05-09,Eden Gardens
42,11,dc,srh,srh,wickets,9.0,normal,2018-05-10,Arun Jaitley Stadium
43,11,csk,rr,rr,wickets,4.0,normal,2018-05-11,Sawai Mansingh Stadium
44,11,kkr,pk,kkr,runs,31.0,normal,2018-05-12,Holkar Cricket Stadium
45,11,dc,rcb,rcb,wickets,5.0,normal,2018-05-12,Arun Jaitley Stadium
46,11,srh,csk,csk,wickets,8.0,normal,2018-05-13,Maharashtra Cricket Association Stadium
47,11,mi,rr,rr,wickets,7.0,normal,2018-05-13,Wankhede Stadium
48,11,pk,rcb,rcb,wickets,10.0,normal,2018-05-14,Holkar Cricket Stadium
49,11,rr,kkr,kkr,wickets,6.0,normal,2018-05-15,Eden Gardens
50,11,mi,pk,mi,runs,3.0,normal,2018-05-16,Wankhede Stadium
51,11,rcb,srh,rcb,runs,14.0,normal,2018-05-17,M.Chinnaswamy Stadium
52,11,dc,csk,dc,runs,34.0,normal,2018-05-18,Arun Jaitley Stadium
53,11,rr,rcb,rr,runs,30.0,normal,2018-05-19,Sawai Mansingh Stadium
54,11,srh,kkr,kkr,wickets,5.0,normal,2018-05-19,Rajiv Gandhi International Stadium
55,11,dc,mi,dc,runs,11.0,normal,2018-05-20,Arun Jaitley Stadium
56,11,pk,csk,csk,wickets,5.0,normal,2018-05-20,Maharashtra Cricket Association Stadium
Qualifier 1,11,srh,csk,csk,wickets,2.0,normal,2018-05-22,Wankhede Stadium
Eliminator,11,kkr,rr,kkr,runs,25.0,normal,2018-05-23,Eden Gardens
Qualifier 2,11,srh,kkr,srh,runs,14.0,normal,2018-05-25,Eden Gardens
Final,11,srh,csk,csk,wickets,8.0,normal,2018-05-27,Wankhede Stadium
1,12,rcb,csk,csk,wickets,7.0,normal,2019-03-23,MA Chidambaram Stadium
2,12,srh,kkr,kkr,wickets,6.0,normal,2019-03-24,Eden Gardens
3,12,dc,mi,dc,runs,37.0,normal,2019-03-24,Wankhede Stadium
4,12,pk,rr,pk,runs,14.0,normal,2019-03-25,Sawai Mansingh Stadium
5,12,dc,csk,csk,wickets,6.0,normal,2019-03-26,Arun Jaitley Stadium
6,12,kkr,pk,kkr,runs,28.0,normal,2019-03-27,Eden Gardens
7,12,mi,rcb,mi,runs,6.0,normal,2019-03-28,M.Chinnaswamy Stadium
8,12,rr,srh,srh,wickets,5.0,normal,2019-03-29,Rajiv Gandhi International Stadium
9,12,mi,pk,pk,wickets,8.0,normal,2019-03-30,Punjab Cricket Association IS Bindra Stadium
10,12,kkr,dc,,,,tie,2019-03-30,Arun Jaitley Stadium
11,12,srh,rcb,srh,runs,118.0,normal,2019-03-31,Rajiv Gandhi International Stadium
12,12,csk,rr,csk,runs,8.0,normal,2019-03-31,MA Chidambaram Stadium
13,12,pk,dc,pk,runs,14.0,normal,2019-04-01,Punjab Cricket Association IS Bindra Stadium
14,12,rcb,rr,rr,wickets,7.0,normal,2019-04-02,Sawai Mansingh Stadium
15,12,mi,csk,mi,runs,37.0,normal,2019-04-03,Wankhede Stadium
16,12,dc,srh,srh,wickets,5.0,normal,2019-04-04,Arun Jaitley Stadium
17,12,rcb,kkr,kkr,wickets,5.0,normal,2019-04-05,M.Chinnaswamy Stadium
19,12,mi,srh,mi,runs,40.0,normal,2019-04-06,Rajiv Gandhi International Stadium
18,12,csk,pk,csk,runs,22.0,normal,2019-04-06,MA Chidambaram Stadium
20,12,rcb,dc,dc,wickets,4.0,normal,2019-04-07,M.Chinnaswamy Stadium
21,12,rr,kkr,kkr,wickets,8.0,normal,2019-04-07,Sawai Mansingh Stadium
22,12,srh,pk,pk,wickets,6.0,normal,2019-04-08,Punjab Cricket Association IS Bindra Stadium
23,12,kkr,csk,csk,wickets,7.0,normal,2019-04-09,MA Chidambaram Stadium
24,12,pk,mi,mi,wickets,3.0,normal,2019-04-10,Wankhede Stadium
25,12,rr,csk,csk,wickets,4.0,normal,2019-04-11,Sawai Mansingh Stadium
26,12,kkr,dc,dc,wickets,7.0,normal,2019-04-12,Eden Gardens
28,12,pk,rcb,rcb,wickets,8.0,normal,2019-04-13,Punjab Cricket Association IS Bindra Stadium
27,12,mi,rr,rr,wickets,4.0,normal,2019-04-13,Wankhede Stadium
30,12,dc,srh,dc,runs,39.0,normal,2019-04-14,Rajiv Gandhi International Stadium
29,12,kkr,csk,csk,wickets,5.0,normal,2019-04-14,Eden Gardens
31,12,rcb,mi,mi,wickets,5.0,normal,2019-04-15,Wankhede Stadium
32,12,pk,rr,pk,runs,12.0,normal,2019-04-16,Punjab Cricket Association IS Bindra Stadium
33,12,csk,srh,srh,wickets,6.0,normal,2019-04-17,Rajiv Gandhi International Stadium
34,12,mi,dc,mi,runs,40.0,normal,2019-04-18,Arun Jaitley Stadium
35,12,rcb,kkr,rcb,runs,10.0,normal,2019-04-19,Eden Gardens
36,12,mi,rr,rr,wickets,5.0,normal,2019-04-20,Sawai Mansingh Stadium
37,12,pk,dc,dc,wickets,5.0,normal,2019-04-20,Arun Jaitley Stadium
38,12,kkr,srh,srh,wickets,9.0,normal,2019-04-21,Rajiv Gandhi International Stadium
39,12,rcb,csk,rcb,runs,1.0,normal,2019-04-21,M.Chinnaswamy Stadium
40,12,rr,dc,dc,wickets,6.0,normal,2019-04-22,Sawai Mansingh Stadium
41,12,srh,csk,csk,wickets,6.0,normal,2019-04-23,MA Chidambaram Stadium
42,12,rcb,pk,rcb,runs,17.0,normal,2019-04-24,M.Chinnaswamy Stadium
43,12,kkr,rr,rr,wickets,3.0,normal,2019-04-25,Eden Gardens
44,12,mi,csk,mi,runs,46.0,normal,2019-04-26,MA Chidambaram Stadium
45,12,srh,rr,rr,wickets,7.0,normal,2019-04-27,Sawai Mansingh Stadium
46,12,dc,rcb,dc,runs,16.0,normal,2019-04-28,Arun Jaitley Stadium
47,12,kkr,mi,kkr,runs,34.0,normal,2019-04-28,Eden Gardens
48,12,srh,pk,srh,runs,45.0,normal,2019-04-29,Rajiv Gandhi International Stadium
49,12,rcb,rr,,,,no result,2019-04-30,M.Chinnaswamy Stadium
50,12,csk,dc,csk,runs,80.0,normal,2019-05-01,MA Chidambaram Stadium
51,12,mi,srh,,,,tie,2019-05-02,Wankhede Stadium
52,12,pk,kkr,kkr,wickets,7.0,normal,2019-05-03,Punjab Cricket Association IS Bindra Stadium
53,12,rr,dc,dc,wickets,5.0,normal,2019-05-04,Arun Jaitley Stadium
54,12,srh,rcb,rcb,wickets,4.0,normal,2019-05-04,M.Chinnaswamy Stadium
55,12,csk,pk,pk,wickets,6.0,normal,2019-05-05,Punjab Cricket Association IS Bindra Stadium
56,12,kkr,mi,mi,wickets,9.0,normal,2019-05-05,Wankhede Stadium
Qualifier 1,12,csk,mi,mi,wickets,6.0,normal,2019-05-07,MA Chidambaram Stadium
Eliminator,12,srh,dc,dc,wickets,2.0,normal,2019-05-08,Dr. Y.S. Rajasekhara Reddy ACA-VDCA Cricket Stadium
Qualifier 2,12,dc,csk,csk,wickets,6.0,normal,2019-05-10,Dr. Y.S. Rajasekhara Reddy ACA-VDCA Cricket Stadium
Final,12,mi,csk,mi,runs,1.0,normal,2019-05-12,Rajiv Gandhi International Stadium
1,13,mi,csk,csk,wickets,5.0,normal,2020-09-19,Sheikh Zayed Stadium
2,13,dc,pk,,,,tie,2020-09-20,Dubai International Cricket Stadium
3,13,rcb,srh,rcb,runs,10.0,normal,2020-09-21,Dubai International Cricket Stadium
4,13,rr,csk,rr,runs,16.0,normal,2020-09-22,Sharjah Cricket Stadium
5,13,mi,kkr,mi,runs,49.0,normal,2020-09-23,Sheikh Zayed Stadium
6,13,pk,rcb,pk,runs,97.0,normal,2020-09-24,Dubai International Cricket Stadium
7,13,dc,csk,dc,runs,44.0,normal,2020-09-25,Dubai International Cricket Stadium
8,13,srh,kkr,kkr,wickets,7.0,normal,2020-09-26,Sheikh Zayed Stadium
9,13,pk,rr,rr,wickets,4.0,normal,2020-09-27,Sharjah Cricket Stadium
10,13,rcb,mi,,,,tie,2020-09-28,Dubai International Cricket Stadium
11,13,srh,dc,srh,runs,15.0,normal,2020-09-29,Sheikh Zayed Stadium
12,13,kkr,rr,kkr,runs,37.0,normal,2020-09-30,Dubai International Cricket Stadium
13,13,mi,pk,mi,runs,48.0,normal,2020-10-01,Sheikh Zayed Stadium
14,13,srh,csk,srh,runs,7.0,normal,2020-10-02,Dubai International Cricket Stadium
16,13,dc,kkr,dc,runs,18.0,normal,2020-10-03,Sharjah Cricket Stadium
15,13,rr,rcb,rcb,wickets,8.0,normal,2020-10-03,Sheikh Zayed Stadium
17,13,mi,srh,mi,runs,34.0,normal,2020-10-04,Sharjah Cricket Stadium
18,13,pk,csk,csk,wickets,10.0,normal,2020-10-04,Dubai International Cricket Stadium
19,13,dc,rcb,dc,runs,59.0,normal,2020-10-05,Dubai International Cricket Stadium
20,13,mi,rr,mi,runs,57.0,normal,2020-10-06,Sheikh Zayed Stadium
21,13,kkr,csk,kkr,runs,10.0,normal,2020-10-07,Sheikh Zayed Stadium
22,13,srh,pk,srh,runs,69.0,normal,2020-10-08,Dubai International Cricket Stadium
23,13,dc,rr,dc,runs,46.0,normal,2020-10-09,Sharjah Cricket Stadium
24,13,kkr,pk,kkr,runs,2.0,normal,2020-10-10,Sheikh Zayed Stadium
25,13,rcb,csk,rcb,runs,37.0,normal,2020-10-10,Dubai International Cricket Stadium
26,13,srh,rr,rr,wickets,5.0,normal,2020-10-11,Dubai International Cricket Stadium
27,13,dc,mi,mi,wickets,5.0,normal,2020-10-11,Sheikh Zayed Stadium
28,13,rcb,kkr,rcb,runs,82.0,normal,2020-10-12,Sharjah Cricket Stadium
29,13,csk,srh,csk,runs,20.0,normal,2020-10-13,Dubai International Cricket Stadium
30,13,dc,rr,dc,runs,13.0,normal,2020-10-14,Dubai International Cricket Stadium
31,13,rcb,pk,pk,wickets,8.0,normal,2020-10-15,Sharjah Cricket Stadium
32,13,kkr,mi,mi,wickets,8.0,normal,2020-10-16,Sheikh Zayed Stadium
33,13,rr,rcb,rcb,wickets,7.0,normal,2020-10-17,Dubai International Cricket Stadium
34,13,csk,dc,dc,wickets,5.0,normal,2020-10-17,Sharjah Cricket Stadium
36,13,mi,pk,,,,tie,2020-10-18,Dubai International Cricket Stadium
35,13,kkr,srh,,,,tie,2020-10-18,Sheikh Zayed Stadium
37,13,csk,rr,rr,wickets,7.0,normal,2020-10-19,Sheikh Zayed Stadium
38,13,dc,pk,pk,wickets,5.0,normal,2020-10-20,Dubai International Cricket Stadium
39,13,kkr,rcb,rcb,wickets,8.0,normal,2020-10-21,Sheikh Zayed Stadium
40,13,rr,srh,srh,wickets,8.0,normal,2020-10-22,Dubai International Cricket Stadium
41,13,csk,mi,mi,wickets,10.0,normal,2020-10-23,Sharjah Cricket Stadium
43,13,pk,srh,pk,runs,12.0,normal,2020-10-24,Dubai International Cricket Stadium
42,13,kkr,dc,kkr,runs,59.0,normal,2020-10-24,Sheikh Zayed Stadium
45,13,mi,rr,rr,wickets,8.0,normal,2020-10-25,Sheikh Zayed Stadium
44,13,rcb,csk,csk,wickets,8.0,normal,2020-10-25,Dubai International Cricket Stadium
46,13,kkr,pk,pk,wickets,8.0,normal,2020-10-26,Sharjah Cricket Stadium
47,13,srh,dc,srh,runs,88.0,normal,2020-10-27,Dubai International Cricket Stadium
48,13,rcb,mi,mi,wickets,5.0,normal,2020-10-28,Sheikh Zayed Stadium
49,13,kkr,csk,csk,wickets,6.0,normal,2020-10-29,Dubai International Cricket Stadium
50,13,pk,rr,rr,wickets,7.0,normal,2020-10-30,Sheikh Zayed Stadium
51,13,dc,mi,mi,wickets,9.0,normal,2020-10-31,Dubai International Cricket Stadium
52,13,rcb,srh,srh,wickets,5.0,normal,2020-10-31,Sharjah Cricket Stadium
54,13,kkr,rr,kkr,runs,60.0,normal,2020-11-01,Dubai International Cricket Stadium
53,13,pk,csk,csk,wickets,9.0,normal,2020-11-01,Sheikh Zayed Stadium
55,13,rcb,dc,dc,wickets,6.0,normal,2020-11-02,Sheikh Zayed Stadium
56,13,mi,srh,srh,wickets,10.0,normal,2020-11-03,Sharjah Cricket Stadium
Qualifier 1,13,mi,dc,mi,runs,57.0,normal,2020-11-05,Dubai International Cricket Stadium
Eliminator,13,rcb,srh,srh,wickets,6.0,normal,2020-11-06,Sheikh Zayed Stadium
Qualifier 2,13,dc,srh,dc,runs,17.0,normal,2020-11-08,Sheikh Zayed Stadium
Final,13,dc,mi,mi,wickets,5.0,normal,2020-11-10,Dubai International Cricket Stadium
1,14,mi,rcb,rcb,wickets,2.0,normal,2021-04-09,"MA Chidambaram Stadium, Chepauk, Chennai"
2,14,csk,dc,dc,wickets,7.0,normal,2021-04-10,"Wankhede Stadium, Mumbai"
3,14,kkr,srh,kkr,runs,10.0,normal,2021-04-11,"MA Chidambaram Stadium, Chepauk, Chennai"
4,14,pk,rr,pk,runs,4.0,normal,2021-04-12,"Wankhede Stadium, Mumbai"
5,14,mi,kkr,mi,runs,10.0,normal,2021-04-13,"MA Chidambaram Stadium, Chepauk, Chennai"
6,14,rcb,srh,rcb,runs,6.0,normal,2021-04-14,"MA Chidambaram Stadium, Chepauk, Chennai"
7,14,dc,rr,rr,wickets,3.0,normal,2021-04-15,"Wankhede Stadium, Mumbai"
8,14,pk,csk,csk,wickets,6.0,normal,2021-04-16,"Wankhede Stadium, Mumbai"
9,14,mi,srh,mi,runs,13.0,normal,2021-04-17,"MA Chidambaram Stadium, Chepauk, Chennai"
11,14,pk,dc,dc,wickets,6.0,normal,2021-04-18,"Wankhede Stadium, Mumbai"
10,14,rcb,kkr,rcb,runs,38.0,normal,2021-04-18,"MA Chidambaram Stadium, Chepauk, Chennai"
12,14,csk,rr,csk,runs,45.0,normal,2021-04-19,"Wankhede Stadium, Mumbai"
13,14,mi,dc,dc,wickets,6.0,normal,2021-04-20,"MA Chidambaram Stadium, Chepauk, Chennai"
14,14,pk,srh,srh,wickets,9.0,normal,2021-04-21,"MA Chidambaram Stadium, Chepauk, Chennai"
15,14,csk,kkr,csk,runs,18.0,normal,2021-04-21,"Wankhede Stadium, Mumbai"
16,14,rr,rcb,rcb,wickets,10.0,normal,2021-04-22,"Wankhede Stadium, Mumbai"
17,14,mi,pk,pk,wickets,9.0,normal,2021-04-23,"MA Chidambaram Stadium, Chepauk, Chennai"
18,14,kkr,rr,rr,wickets,6.0,normal,2021-04-24,"Wankhede Stadium, Mumbai"
19,14,csk,rcb,csk,runs,69.0,normal,2021-04-25,"Wankhede Stadium, Mumbai"
20,14,dc,srh,,,,tie,2021-04-25,"MA Chidambaram Stadium, Chepauk, Chennai"
21,14,pk,kkr,kkr,wickets,5.0,normal,2021-04-26,"Narendra Modi Stadium, Ahmedabad"
22,14,rcb,dc,rcb,runs,1.0,normal,2021-04-27,"Narendra Modi Stadium, Ahmedabad"
23,14,srh,csk,csk,wickets,7.0,normal,2021-04-28,"Arun Jaitley Stadium, Delhi"
24,14,rr,mi,mi,wickets,7.0,normal,2021-04-29,"Arun Jaitley Stadium, Delhi"
25,14,kkr,dc,dc,wickets,7.0,normal,2021-04-29,"Narendra Modi Stadium, Ahmedabad"
26,14,pk,rcb,pk,runs,34.0,normal,2021-04-30,"Narendra Modi Stadium, Ahmedabad"
27,14,csk,mi,mi,wickets,4.0,normal,2021-05-01,"Arun Jaitley Stadium, Delhi"
28,14,rr,srh,rr,runs,55.0,normal,2021-05-02,"Arun Jaitley Stadium, Delhi"
29,14,pk,dc,dc,wickets,7.0,normal,2021-05-02,"Narendra Modi Stadium, Ahmedabad"
30,14,csk,mi,csk,runs,20.0,normal,2021-09-19,Dubai International Cricket Stadium
31,14,rcb,kkr,kkr,wickets,9.0,normal,2021-09-20,"Zayed Cricket Stadium, Abu Dhabi"
32,14,rr,pk,rr,runs,2.0,normal,2021-09-21,Dubai International Cricket Stadium
33,14,srh,dc,dc,wickets,8.0,normal,2021-09-22,Dubai International Cricket Stadium
34,14,mi,kkr,kkr,wickets,7.0,normal,2021-09-23,"Zayed Cricket Stadium, Abu Dhabi"
35,14,rcb,csk,csk,wickets,6.0,normal,2021-09-24,Sharjah Cricket Stadium
36,14,dc,rr,dc,runs,33.0,normal,2021-09-25,"Zayed Cricket Stadium, Abu Dhabi"
37,14,pk,srh,pk,runs,5.0,normal,2021-09-25,Sharjah Cricket Stadium
38,14,kkr,csk,csk,wickets,2.0,normal,2021-09-26,"Zayed Cricket Stadium, Abu Dhabi"
39,14,rcb,mi,rcb,runs,54.0,normal,2021-09-26,Dubai International Cricket Stadium
40,14,rr,srh,srh,wickets,7.0,normal,2021-09-27,Dubai International Cricket Stadium
41,14,dc,kkr,kkr,wickets,3.0,normal,2021-09-28,Sharjah Cricket Stadium
42,14,pk,mi,mi,wickets,6.0,normal,2021-09-28,"Zayed Cricket Stadium, Abu Dhabi"
43,14,rr,rcb,rcb,wickets,7.0,normal,2021-09-29,Dubai International Cricket Stadium
44,14,srh,csk,csk,wickets,6.0,normal,2021-09-30,Sharjah Cricket Stadium
45,14,kkr,pk,pk,wickets,5.0,normal,2021-10-01,Dubai International Cricket Stadium
46,14,mi,dc,dc,wickets,4.0,normal,2021-10-02,Sharjah Cricket Stadium
47,14,csk,rr,rr,wickets,7.0,normal,2021-10-02,"Zayed Cricket Stadium, Abu Dhabi"
48,14,rcb,pk,rcb,runs,6.0,normal,2021-10-03,Sharjah Cricket Stadium
49,14,srh,kkr,kkr,wickets,6.0,normal,2021-10-03,Dubai International Cricket Stadium
50,14,csk,dc,dc,wickets,3.0,normal,2021-10-04,Dubai International Cricket Stadium
51,14,rr,mi,mi,wickets,8.0,normal,2021-10-05,Sharjah Cricket Stadium
52,14,srh,rcb,srh,runs,4.0,normal,2021-10-06,"Zayed Cricket Stadium, Abu Dhabi"
53,14,csk,pk,pk,wickets,6.0,normal,2021-10-07,Dubai International Cricket Stadium
54,14,kkr,rr,kkr,runs,86.0,normal,2021-10-07,Sharjah Cricket Stadium
56,14,dc,rcb,rcb,wickets,7.0,normal,2021-10-08,Dubai International Cricket Stadium
55,14,mi,srh,mi,runs,42.0,normal,2021-10-08,"Zayed Cricket Stadium, Abu Dhabi"
Qualifier 1,14,dc,csk,csk,wickets,4.0,normal,2021-10-10,Dubai International Cricket Stadium
Eliminator,14,rcb,kkr,kkr,wickets,4.0,normal,2021-10-11,Sharjah Cricket Stadium
Qualifier 2,14,dc,kkr,kkr,wickets,3.0,normal,2021-10-13,Sharjah Cricket Stadium
Final,14,csk,kkr,csk,runs,27.0,normal,2021-10-15,Dubai International Cricket Stadium
1,15,csk,kkr,kkr,wickets,6.0,normal,2022-03-26,"Wankhede Stadium, Mumbai"
3,15,rcb,pk,pk,wickets,5.0,normal,2022-03-27,"Dr DY Patil Sports Academy, Mumbai"
2,15,mi,dc,dc,wickets,4.0,normal,2022-03-27,"Brabourne Stadium, Mumbai"
4,15,lsg,gt,gt,wickets,5.0,normal,2022-03-28,"Wankhede Stadium, Mumbai"
5,15,rr,srh,rr,runs,61.0,normal,2022-03-29,"Maharashtra Cricket Association Stadium, Pune"
6,15,kkr,rcb,rcb,wickets,3.0,normal,2022-03-30,"Dr DY Patil Sports Academy, Mumbai"
7,15,csk,lsg,lsg,wickets,6.0,normal,2022-03-31,"Brabourne Stadium, Mumbai"
8,15,pk,kkr,kkr,wickets,6.0,normal,2022-04-01,"Wankhede Stadium, Mumbai"
10,15,gt,dc,gt,runs,14.0,normal,2022-04-02,"Maharashtra Cricket Association Stadium, Pune"
9,15,rr,mi,rr,runs,23.0,normal,2022-04-02,"Dr DY Patil Sports Academy, Mumbai"
11,15,pk,csk,pk,runs,54.0,normal,2022-04-03,"Brabourne Stadium, Mumbai"
12,15,lsg,srh,lsg,runs,12.0,normal,2022-04-04,"Dr DY Patil Sports Academy, Mumbai"
13,15,rr,rcb,rcb,wickets,4.0,normal,2022-04-05,"Wankhede Stadium, Mumbai"
14,15,mi,kkr,kkr,wickets,5.0,normal,2022-04-06,"Maharashtra Cricket Association Stadium, Pune"
15,15,dc,lsg,lsg,wickets,6.0,normal,2022-04-07,"Dr DY Patil Sports Academy, Mumbai"
16,15,pk,gt,gt,wickets,6.0,normal,2022-04-08,"Brabourne Stadium, Mumbai"
18,15,mi,rcb,rcb,wickets,7.0,normal,2022-04-09,"Maharashtra Cricket Association Stadium, Pune"
17,15,csk,srh,srh,wickets,8.0,normal,2022-04-09,"Dr DY Patil Sports Academy, Mumbai"
19,15,dc,kkr,dc,runs,44.0,normal,2022-04-10,"Brabourne Stadium, Mumbai"
20,15,rr,lsg,rr,runs,3.0,normal,2022-04-10,"Wankhede Stadium, Mumbai"
21,15,gt,srh,srh,wickets,8.0,normal,2022-04-11,"Dr DY Patil Sports Academy, Mumbai"
22,15,csk,rcb,csk,runs,23.0,normal,2022-04-12,"Dr DY Patil Sports Academy, Mumbai"
23,15,pk,mi,pk,runs,12.0,normal,2022-04-13,"Maharashtra Cricket Association Stadium, Pune"
24,15,gt,rr,gt,runs,37.0,normal,2022-04-14,"Dr DY Patil Sports Academy, Mumbai"
25,15,kkr,srh,srh,wickets,7.0,normal,2022-04-15,"Brabourne Stadium, Mumbai"
27,15,rcb,dc,rcb,runs,16.0,normal,2022-04-16,"Wankhede Stadium, Mumbai"
26,15,lsg,mi,lsg,runs,18.0,normal,2022-04-16,"Brabourne Stadium, Mumbai"
29,15,csk,gt,gt,wickets,3.0,normal,2022-04-17,"Maharashtra Cricket Association Stadium, Pune"
28,15,pk,srh,srh,wickets,7.0,normal,2022-04-17,"Dr DY Patil Sports Academy, Mumbai"
30,15,rr,kkr,rr,runs,7.0,normal,2022-04-18,"Brabourne Stadium, Mumbai"
31,15,rcb,lsg,rcb,runs,18.0,normal,2022-04-19,"Dr DY Patil Sports Academy, Mumbai"
32,15,pk,dc,dc,wickets,9.0,normal,2022-04-20,"Brabourne Stadium, Mumbai"
33,15,mi,csk,csk,wickets,3.0,normal,2022-04-21,"Dr DY Patil Sports Academy, Mumbai"
34,15,rr,dc,rr,runs,15.0,normal,2022-04-22,"Wankhede Stadium, Mumbai"
35,15,gt,kkr,gt,runs,8.0,normal,2022-04-23,"Dr DY Patil Sports Academy, Mumbai"
36,15,rcb,srh,srh,wickets,9.0,normal,2022-04-23,"Brabourne Stadium, Mumbai"
37,15,lsg,mi,lsg,runs,36.0,normal,2022-04-24,"Wankhede Stadium, Mumbai"
38,15,pk,csk,pk,runs,11.0,normal,2022-04-25,"Wankhede Stadium, Mumbai"
39,15,rr,rcb,rr,runs,29.0,normal,2022-04-26,"Maharashtra Cricket Association Stadium, Pune"
40,15,srh,gt,gt,wickets,5.0,normal,2022-04-27,"Wankhede Stadium, Mumbai"
41,15,kkr,dc,dc,wickets,4.0,normal,2022-04-28,"Wankhede Stadium, Mumbai"
42,15,lsg,pk,lsg,runs,20.0,normal,2022-04-29,"Maharashtra Cricket Association Stadium, Pune"
43,15,rcb,gt,gt,wickets,6.0,normal,2022-04-30,"Brabourne Stadium, Mumbai"
44,15,rr,mi,mi,wickets,5.0,normal,2022-04-30,"Dr DY Patil Sports Academy, Mumbai"
45,15,lsg,dc,lsg,runs,6.0,normal,2022-05-01,"Wankhede Stadium, Mumbai"
46,15,csk,srh,csk,runs,13.0,normal,2022-05-01,"Maharashtra Cricket Association Stadium, Pune"
47,15,rr,kkr,kkr,wickets,7.0,normal,2022-05-02,"Wankhede Stadium, Mumbai"
48,15,gt,pk,pk,wickets,8.0,normal,2022-05-03,"Dr DY Patil Sports Academy, Mumbai"
49,15,rcb,csk,rcb,runs,13.0,normal,2022-05-04,"Maharashtra Cricket Association Stadium, Pune"
50,15,dc,srh,dc,runs,21.0,normal,2022-05-05,"Brabourne Stadium, Mumbai"
51,15,mi,gt,mi,runs,5.0,normal,2022-05-06,"Brabourne Stadium, Mumbai"
53,15,lsg,kkr,lsg,runs,75.0,normal,2022-05-07,"Maharashtra Cricket Association Stadium, Pune"
52,15,pk,rr,rr,wickets,6.0,normal,2022-05-07,"Wankhede Stadium, Mumbai"
54,15,rcb,srh,rcb,runs,67.0,normal,2022-05-08,"Wankhede Stadium, Mumbai"
55,15,csk,dc,csk,runs,91.0,normal,2022-05-08,"Dr DY Patil Sports Academy, Mumbai"
56,15,kkr,mi,kkr,runs,52.0,normal,2022-05-09,"Dr DY Patil Sports Academy, Mumbai"
57,15,gt,lsg,gt,runs,62.0,normal,2022-05-10,"Maharashtra Cricket Association Stadium, Pune"
58,15,rr,dc,dc,wickets,8.0,normal,2022-05-11,"Dr DY Patil Sports Academy, Mumbai"
59,15,csk,mi,mi,wickets,5.0,normal,2022-05-12,"Wankhede Stadium, Mumbai"
60,15,pk,rcb,pk,runs,54.0,normal,2022-05-13,"Brabourne Stadium, Mumbai"
61,15,kkr,srh,kkr,runs,54.0,normal,2022-05-14,"Maharashtra Cricket Association Stadium, Pune"
63,15,rr,lsg,rr,runs,24.0,normal,2022-05-15,"Brabourne Stadium, Mumbai"
62,15,csk,gt,gt,wickets,7.0,normal,2022-05-15,"Wankhede Stadium, Mumbai"
64,15,dc,pk,dc,runs,17.0,normal,2022-05-16,"Dr DY Patil Sports Academy, Mumbai"
65,15,srh,mi,srh,runs,3.0,normal,2022-05-17,"Wankhede Stadium, Mumbai"
66,15,lsg,kkr,lsg,runs,2.0,normal,2022-05-18,"Dr DY Patil Sports Academy, Mumbai"
67,15,gt,rcb,rcb,wickets,8.0,normal,2022-05-19,"Wankhede Stadium, Mumbai"
68,15,csk,rr,rr,wickets,5.0,normal,2022-05-20,"Brabourne Stadium, Mumbai"
69,15,dc,mi,mi,wickets,5.0,normal,2022-05-21,"Wankhede Stadium, Mumbai"
70,15,srh,pk,pk,wickets,5.0,normal,2022-05-22,"Wankhede Stadium, Mumbai"
Qualifier 1,15,rr,gt,gt,wickets,7.0,normal,2022-05-24,"Eden Gardens, Kolkata"
Eliminator,15,rcb,lsg,rcb,runs,14.0,normal,2022-05-25,"Eden Gardens, Kolkata"
Qualifier 2,15,rcb,rr,rr,wickets,7.0,normal,2022-05-27,"Narendra Modi Stadium, Ahmedabad"
Final,15,rr,gt,gt,wickets,7.0,normal,2022-05-29,"Narendra Modi Stadium, Ahmedabad"
1,16,csk,gt,gt,wickets,5.0,normal,2023-03-31,"Narendra Modi Stadium, Ahmedabad"
2,16,pk,kkr,pk,runs,7.0,normal,2023-04-01,"Punjab Cricket Association IS Bindra Stadium, Mohali, Chandigarh"
3,16,lsg,dc,lsg,runs,50.0,normal,2023-04-01,"Bharat Ratna Shri Atal Bihari Vajpayee Ekana Cricket Stadium, Lucknow"
4,16,rr,srh,rr,runs,72.0,normal,2023-04-02,"Rajiv Gandhi International Stadium, Uppal, Hyderabad"
5,16,mi,rcb,rcb,wickets,8.0,normal,2023-04-02,"M Chinnaswamy Stadium, Bengaluru"
6,16,csk,lsg,csk,runs,12.0,normal,2023-04-03,"MA Chidambaram Stadium, Chepauk, Chennai"
7,16,dc,gt,gt,wickets,6.0,normal,2023-04-04,"Arun Jaitley Stadium, Delhi"
8,16,pk,rr,pk,runs,5.0,normal,2023-04-05,"Barsapara Cricket Stadium, Guwahati"
9,16,kkr,rcb,kkr,runs,81.0,normal,2023-04-06,"Eden Gardens, Kolkata"
10,16,srh,lsg,lsg,wickets,5.0,normal,2023-04-07,"Bharat Ratna Shri Atal Bihari Vajpayee Ekana Cricket Stadium, Lucknow"
11,16,rr,dc,rr,runs,57.0,normal,2023-04-08,"Barsapara Cricket Stadium, Guwahati"
12,16,mi,csk,csk,wickets,7.0,normal,2023-04-08,"Wankhede Stadium, Mumbai"
13,16,gt,kkr,kkr,wickets,3.0,normal,2023-04-09,"Narendra Modi Stadium, Ahmedabad"
14,16,pk,srh,srh,wickets,8.0,normal,2023-04-09,"Rajiv Gandhi International Stadium, Uppal, Hyderabad"
15,16,rcb,lsg,lsg,wickets,1.0,normal,2023-04-10,"M Chinnaswamy Stadium, Bengaluru"
16,16,dc,mi,mi,wickets,6.0,normal,2023-04-11,"Arun Jaitley Stadium, Delhi"
17,16,rr,csk,rr,runs,3.0,normal,2023-04-12,"MA Chidambaram Stadium, Chepauk, Chennai"
18,16,pk,gt,gt,wickets,6.0,normal,2023-04-13,"Punjab Cricket Association IS Bindra Stadium, Mohali, Chandigarh"
19,16,srh,kkr,srh,runs,23.0,normal,2023-04-14,"Eden Gardens, Kolkata"
20,16,rcb,dc,rcb,runs,23.0,normal,2023-04-15,"M Chinnaswamy Stadium, Bengaluru"
21,16,lsg,pk,pk,wickets,2.0,normal,2023-04-15,"Bharat Ratna Shri Atal Bihari Vajpayee Ekana Cricket Stadium, Lucknow"
22,16,kkr,mi,mi,wickets,5.0,normal,2023-04-16,"Wankhede Stadium, Mumbai"
23,16,gt,rr,rr,wickets,3.0,normal,2023-04-16,"Narendra Modi Stadium, Ahmedabad"
24,16,csk,rcb,csk,runs,8.0,normal,2023-04-17,"M Chinnaswamy Stadium, Bengaluru"
25,16,mi,srh,mi,runs,14.0,normal,2023-04-18,"Rajiv Gandhi International Stadium, Uppal, Hyderabad"
26,16,lsg,rr,lsg,runs,10.0,normal,2023-04-19,"Sawai Mansingh Stadium, Jaipur"
27,16,rcb,pk,rcb,runs,24.0,normal,2023-04-20,"Punjab Cricket Association IS Bindra Stadium, Mohali, Chandigarh"
28,16,kkr,dc,dc,wickets,4.0,normal,2023-04-20,"Arun Jaitley Stadium, Delhi"
29,16,srh,csk,csk,wickets,7.0,normal,2023-04-21,"MA Chidambaram Stadium, Chepauk, Chennai"
30,16,gt,lsg,gt,runs,7.0,normal,2023-04-22,"Bharat Ratna Shri Atal Bihari Vajpayee Ekana Cricket Stadium, Lucknow"
31,16,pk,mi,pk,runs,13.0,normal,2023-04-22,"Wankhede Stadium, Mumbai"
32,16,rcb,rr,rcb,runs,7.0,normal,2023-04-23,"M Chinnaswamy Stadium, Bengaluru"
33,16,csk,kkr,csk,runs,49.0,normal,2023-04-23,"Eden Gardens, Kolkata"
34,16,dc,srh,dc,runs,7.0,normal,2023-04-24,"Rajiv Gandhi International Stadium, Uppal, Hyderabad"
35,16,gt,mi,gt,runs,55.0,normal,2023-04-25,"Narendra Modi Stadium, Ahmedabad"
36,16,kkr,rcb,kkr,runs,21.0,normal,2023-04-26,"M Chinnaswamy Stadium, Bengaluru"
37,16,rr,csk,rr,runs,32.0,normal,2023-04-27,"Sawai Mansingh Stadium, Jaipur"
38,16,lsg,pk,lsg,runs,56.0,normal,2023-04-28,"Punjab Cricket Association IS Bindra Stadium, Mohali, Chandigarh"
39,16,kkr,gt,gt,wickets,7.0,normal,2023-04-29,"Eden Gardens, Kolkata"
40,16,srh,dc,srh,runs,9.0,normal,2023-04-29,"Arun Jaitley Stadium, Delhi"
41,16,csk,pk,pk,wickets,4.0,normal,2023-04-30,"MA Chidambaram Stadium, Chepauk, Chennai"
42,16,rr,mi,mi,wickets,6.0,normal,2023-04-30,"Wankhede Stadium, Mumbai"
43,16,rcb,lsg,rcb,runs,18.0,normal,2023-05-01,"Bharat Ratna Shri Atal Bihari Vajpayee Ekana Cricket Stadium, Lucknow"
44,16,dc,gt,dc,runs,5.0,normal,2023-05-02,"Narendra Modi Stadium, Ahmedabad"
45,16,lsg,csk,,,,no result,2023-05-03,"Bharat Ratna Shri Atal Bihari Vajpayee Ekana Cricket Stadium, Lucknow"
46,16,pk,mi,mi,wickets,6.0,normal,2023-05-03,"Punjab Cricket Association IS Bindra Stadium, Mohali, Chandigarh"
47,16,kkr,srh,kkr,runs,5.0,normal,2023-05-04,"Rajiv Gandhi International Stadium, Uppal, Hyderabad"
48,16,rr,gt,gt,wickets,9.0,normal,2023-05-05,"Sawai Mansingh Stadium, Jaipur"
49,16,mi,csk,csk,wickets,6.0,normal,2023-05-06,"MA Chidambaram Stadium, Chepauk, Chennai"
50,16,rcb,dc,dc,wickets,7.0,normal,2023-05-06,"Arun Jaitley Stadium, Delhi"
51,16,gt,lsg,gt,runs,56.0,normal,2023-05-07,"Narendra Modi Stadium, Ahmedabad"
52,16,rr,srh,srh,wickets,4.0,normal,2023-05-07,"Sawai Mansingh Stadium, Jaipur"
53,16,pk,kkr,kkr,wickets,5.0,normal,2023-05-08,"Eden Gardens, Kolkata"
54,16,rcb,mi,mi,wickets,6.0,normal,2023-05-09,"Wankhede Stadium, Mumbai"
55,16,csk,dc,csk,runs,27.0,normal,2023-05-10,"MA Chidambaram Stadium, Chepauk, Chennai"
56,16,kkr,rr,rr,wickets,9.0,normal,2023-05-11,"Eden Gardens, Kolkata"
57,16,mi,gt,mi,runs,27.0,normal,2023-05-12,"Wankhede Stadium, Mumbai"
58,16,srh,lsg,lsg,wickets,7.0,normal,2023-05-13,"Rajiv Gandhi International Stadium, Uppal, Hyderabad"
59,16,pk,dc,pk,runs,31.0,normal,2023-05-13,"Arun Jaitley Stadium, Delhi"
60,16,rcb,rr,rcb,runs,112.0,normal,2023-05-14,"Sawai Mansingh Stadium, Jaipur"
61,16,csk,kkr,kkr,wickets,6.0,normal,2023-05-14,"MA Chidambaram Stadium, Chepauk, Chennai"
62,16,gt,srh,gt,runs,34.0,normal,2023-05-15,"Narendra Modi Stadium, Ahmedabad"
63,16,lsg,mi,lsg,runs,5.0,normal,2023-05-16,"Bharat Ratna Shri Atal Bihari Vajpayee Ekana Cricket Stadium, Lucknow"
64,16,dc,pk,dc,runs,15.0,normal,2023-05-17,"Himachal Pradesh Cricket Association Stadium, Dharamsala"
65,16,srh,rcb,rcb,wickets,8.0,normal,2023-05-18,"Rajiv Gandhi International Stadium, Uppal, Hyderabad"
66,16,pk,rr,rr,wickets,4.0,normal,2023-05-19,"Himachal Pradesh Cricket Association Stadium, Dharamsala"
67,16,csk,dc,csk,runs,77.0,normal,2023-05-20,"Arun Jaitley Stadium, Delhi"
68,16,lsg,kkr,lsg,runs,1.0,normal,2023-05-20,"Eden Gardens, Kolkata"
69,16,srh,mi,mi,wickets,8.0,normal,2023-05-21,"Wankhede Stadium, Mumbai"
70,16,rcb,gt,gt,wickets,6.0,normal,2023-05-21,"M Chinnaswamy Stadium, Bengaluru"
Qualifier 1,16,csk,gt,csk,runs,15.0,normal,2023-05-23,"MA Chidambaram Stadium, Chepauk, Chennai"
Eliminator,16,mi,lsg,mi,runs,81.0,normal,2023-05-24,"MA Chidambaram Stadium, Chepauk, Chennai"
Qualifier 2,16,gt,mi,gt,runs,62.0,normal,2023-05-26,"Narendra Modi Stadium, Ahmedabad"
Final,16,gt,csk,csk,wickets,5.0,normal,2023-05-29,"Narendra Modi Stadium, Ahmedabad"
1,17,rcb,csk,csk,wickets,6.0,normal,2024-03-22,"MA Chidambaram Stadium, Chepauk, Chennai"
3,17,kkr,srh,kkr,runs,4.0,normal,2024-03-23,"Eden Gardens, Kolkata"
2,17,dc,pk,pk,wickets,4.0,normal,2024-03-23,"Maharaja Yadavindra Singh International Cricket Stadium, Mullanpur"
5,17,gt,mi,gt,runs,6.0,normal,2024-03-24,"Narendra Modi Stadium, Ahmedabad"
4,17,rr,lsg,rr,runs,20.0,normal,2024-03-24,"Sawai Mansingh Stadium, Jaipur"
6,17,pk,rcb,rcb,wickets,4.0,normal,2024-03-25,"M Chinnaswamy Stadium, Bengaluru"
7,17,csk,gt,csk,runs,63.0,normal,2024-03-26,"MA Chidambaram Stadium, Chepauk, Chennai"
8,17,srh,mi,srh,runs,31.0,normal,2024-03-27,"Rajiv Gandhi International Stadium, Uppal, Hyderabad"
9,17,rr,dc,rr,runs,12.0,normal,2024-03-28,"Sawai Mansingh Stadium, Jaipur"
10,17,rcb,kkr,kkr,wickets,7.0,normal,2024-03-29,"M Chinnaswamy Stadium, Bengaluru"
11,17,lsg,pk,lsg,runs,21.0,normal,2024-03-30,"Bharat Ratna Shri Atal Bihari Vajpayee Ekana Cricket Stadium, Lucknow"
12,17,srh,gt,gt,wickets,7.0,normal,2024-03-31,"Narendra Modi Stadium, Ahmedabad"
13,17,dc,csk,dc,runs,20.0,normal,2024-03-31,"Dr. Y.S. Rajasekhara Reddy ACA-VDCA Cricket Stadium, Visakhapatnam"
14,17,mi,rr,rr,wickets,6.0,normal,2024-04-01,"Wankhede Stadium, Mumbai"
15,17,lsg,rcb,lsg,runs,28.0,normal,2024-04-02,"M Chinnaswamy Stadium, Bengaluru"
16,17,kkr,dc,kkr,runs,106.0,normal,2024-04-03,"Dr. Y.S. Rajasekhara Reddy ACA-VDCA Cricket Stadium, Visakhapatnam"
17,17,gt,pk,pk,wickets,3.0,normal,2024-04-04,"Narendra Modi Stadium, Ahmedabad"
18,17,csk,srh,srh,wickets,6.0,normal,2024-04-05,"Rajiv Gandhi International Stadium, Uppal, Hyderabad"
19,17,rcb,rr,rr,wickets,6.0,normal,2024-04-06,"Sawai Mansingh Stadium, Jaipur"
20,17,mi,dc,mi,runs,29.0,normal,2024-04-07,"Wankhede Stadium, Mumbai"
21,17,lsg,gt,lsg,runs,33.0,normal,2024-04-07,"Bharat Ratna Shri Atal Bihari Vajpayee Ekana Cricket Stadium, Lucknow"
22,17,kkr,csk,csk,wickets,7.0,normal,2024-04-08,"MA Chidambaram Stadium, Chepauk, Chennai"
23,17,srh,pk,srh,runs,2.0,normal,2024-04-09,"Maharaja Yadavindra Singh International Cricket Stadium, Mullanpur"
24,17,rr,gt,gt,wickets,3.0,normal,2024-04-10,"Sawai Mansingh Stadium, Jaipur"
25,17,rcb,mi,mi,wickets,7.0,normal,2024-04-11,"Wankhede Stadium, Mumbai"
26,17,lsg,dc,dc,wickets,6.0,normal,2024-04-12,"Bharat Ratna Shri Atal Bihari Vajpayee Ekana Cricket Stadium, Lucknow"
27,17,pk,rr,rr,wickets,3.0,normal,2024-04-13,"Maharaja Yadavindra Singh International Cricket Stadium, Mullanpur"
28,17,lsg,kkr,kkr,wickets,8.0,normal,2024-04-14,"Eden Gardens, Kolkata"
29,17,csk,mi,csk,runs,20.0,normal,2024-04-14,"Wankhede Stadium, Mumbai"
30,17,srh,rcb,srh,runs,25.0,normal,2024-04-15,"M Chinnaswamy Stadium, Bengaluru"
31,17,kkr,rr,rr,wickets,2.0,normal,2024-04-16,"Eden Gardens, Kolkata"
32,17,gt,dc,dc,wickets,6.0,normal,2024-04-17,"Narendra Modi Stadium, Ahmedabad"
33,17,mi,pk,mi,runs,9.0,normal,2024-04-18,"Maharaja Yadavindra Singh International Cricket Stadium, Mullanpur"
34,17,csk,lsg,lsg,wickets,8.0,normal,2024-04-19,"Bharat Ratna Shri Atal Bihari Vajpayee Ekana Cricket Stadium, Lucknow"
35,17,srh,dc,srh,runs,67.0,normal,2024-04-20,"Arun Jaitley Stadium, Delhi"
36,17,kkr,rcb,kkr,runs,1.0,normal,2024-04-21,"Eden Gardens, Kolkata"
37,17,pk,gt,gt,wickets,3.0,normal,2024-04-21,"Maharaja Yadavindra Singh International Cricket Stadium, Mullanpur"
38,17,mi,rr,rr,wickets,9.0,normal,2024-04-22,"Sawai Mansingh Stadium, Jaipur"
39,17,csk,lsg,lsg,wickets,6.0,normal,2024-04-23,"MA Chidambaram Stadium, Chepauk, Chennai"
40,17,dc,gt,dc,runs,4.0,normal,2024-04-24,"Arun Jaitley Stadium, Delhi"
41,17,rcb,srh,rcb,runs,35.0,normal,2024-04-25,"Rajiv Gandhi International Stadium, Uppal, Hyderabad"
42,17,kkr,pk,pk,wickets,8.0,normal,2024-04-26,"Eden Gardens, Kolkata"
44,17,lsg,rr,rr,wickets,7.0,normal,2024-04-27,"Bharat Ratna Shri Atal Bihari Vajpayee Ekana Cricket Stadium, Lucknow"
43,17,dc,mi,dc,runs,10.0,normal,2024-04-27,"Arun Jaitley Stadium, Delhi"
46,17,csk,srh,csk,runs,78.0,normal,2024-04-28,"MA Chidambaram Stadium, Chepauk, Chennai"
45,17,gt,rcb,rcb,wickets,9.0,normal,2024-04-28,"Narendra Modi Stadium, Ahmedabad"
47,17,dc,kkr,kkr,wickets,7.0,normal,2024-04-29,"Eden Gardens, Kolkata"
48,17,mi,lsg,lsg,wickets,4.0,normal,2024-04-30,"Bharat Ratna Shri Atal Bihari Vajpayee Ekana Cricket Stadium, Lucknow"
49,17,csk,pk,pk,wickets,7.0,normal,2024-05-01,"MA Chidambaram Stadium, Chepauk, Chennai"
50,17,srh,rr,srh,runs,1.0,normal,2024-05-02,"Rajiv Gandhi International Stadium, Uppal, Hyderabad"
51,17,kkr,mi,kkr,runs,24.0,normal,2024-05-03,"Wankhede Stadium, Mumbai"
52,17,gt,rcb,rcb,wickets,4.0,normal,2024-05-04,"M Chinnaswamy Stadium, Bengaluru"
53,17,csk,pk,csk,runs,28.0,normal,2024-05-05,"Himachal Pradesh Cricket Association Stadium, Dharamsala"
54,17,kkr,lsg,kkr,runs,98.0,normal,2024-05-05,"Bharat Ratna Shri Atal Bihari Vajpayee Ekana Cricket Stadium, Lucknow"
55,17,srh,mi,mi,wickets,7.0,normal,2024-05-06,"Wankhede Stadium, Mumbai"
56,17,dc,rr,dc,runs,20.0,normal,2024-05-07,"Arun Jaitley Stadium, Delhi"
57,17,lsg,srh,srh,wickets,10.0,normal,2024-05-08,"Rajiv Gandhi International Stadium, Uppal, Hyderabad"
58,17,rcb,pk,rcb,runs,60.0,normal,2024-05-09,"Himachal Pradesh Cricket Association Stadium, Dharamsala"
59,17,gt,csk,gt,runs,35.0,normal,2024-05-10,"Narendra Modi Stadium, Ahmedabad"
60,17,kkr,mi,kkr,runs,18.0,normal,2024-05-11,"Eden Gardens, Kolkata"
61,17,rr,csk,csk,wickets,5.0,normal,2024-05-12,"MA Chidambaram Stadium, Chepauk, Chennai"
62,17,rcb,dc,rcb,runs,47.0,normal,2024-05-12,"M Chinnaswamy Stadium, Bengaluru"
64,17,dc,lsg,dc,runs,19.0,normal,2024-05-14,"Arun Jaitley Stadium, Delhi"
65,17,rr,pk,pk,wickets,5.0,normal,2024-05-15,"Barsapara Cricket Stadium, Guwahati"
67,17,lsg,mi,lsg,runs,18.0,normal,2024-05-17,"Wankhede Stadium, Mumbai"
68,17,rcb,csk,rcb,runs,27.0,normal,2024-05-18,"M Chinnaswamy Stadium, Bengaluru"
69,17,pk,srh,srh,wickets,4.0,normal,2024-05-19,"Rajiv Gandhi International Stadium, Uppal, Hyderabad"
Qualifier 1,17,srh,kkr,kkr,wickets,8.0,normal,2024-05-21,"Narendra Modi Stadium, Ahmedabad"
Eliminator,17,rcb,rr,rr,wickets,4.0,normal,2024-05-22,"Narendra Modi Stadium, Ahmedabad"
Qualifier 2,17,srh,rr,srh,runs,36.0,normal,2024-05-24,"MA Chidambaram Stadium, Chepauk, Chennai"
Final,17,srh,kkr,kkr,wickets,8.0,normal,2024-05-26,"MA Chidambaram Stadium, Chepauk, Chennai"
1,18,kkr,rcb,rcb,wickets,7.0,normal,2025-03-22,"Eden Gardens, Kolkata"
2,18,srh,rr,srh,runs,44.0,normal,2025-03-23,"Rajiv Gandhi International Stadium, Uppal, Hyderabad"
3,18,mi,csk,csk,wickets,4.0,normal,2025-03-23,"MA Chidambaram Stadium, Chepauk, Chennai"
4,18,lsg,dc,dc,wickets,1.0,normal,2025-03-24,"Dr. Y.S. Rajasekhara Reddy ACA-VDCA Cricket Stadium, Visakhapatnam"
5,18,pk,gt,pk,runs,11.0,normal,2025-03-25,"Narendra Modi Stadium, Ahmedabad"
6,18,rr,kkr,kkr,wickets,8.0,normal,2025-03-26,"Barsapara Cricket Stadium, Guwahati"
7,18,srh,lsg,lsg,wickets,5.0,normal,2025-03-27,"Rajiv Gandhi International Stadium, Uppal, Hyderabad"
8,18,rcb,csk,rcb,runs,50.0,normal,2025-03-28,"MA Chidambaram Stadium, Chepauk, Chennai"
9,18,gt,mi,gt,runs,36.0,normal,2025-03-29,"Narendra Modi Stadium, Ahmedabad"
11,18,rr,csk,rr,runs,6.0,normal,2025-03-30,"Barsapara Cricket Stadium, Guwahati"
10,18,srh,dc,dc,wickets,7.0,normal,2025-03-30,"Dr. Y.S. Rajasekhara Reddy ACA-VDCA Cricket Stadium, Visakhapatnam"
12,18,kkr,mi,mi,wickets,8.0,normal,2025-03-31,"Wankhede Stadium, Mumbai"
13,18,lsg,pk,pk,wickets,8.0,normal,2025-04-01,"Bharat Ratna Shri Atal Bihari Vajpayee Ekana Cricket Stadium, Lucknow"
14,18,rcb,gt,gt,wickets,8.0,normal,2025-04-02,"M Chinnaswamy Stadium, Bengaluru"
15,18,kkr,srh,kkr,runs,80.0,normal,2025-04-03,"Eden Gardens, Kolkata"
16,18,lsg,mi,lsg,runs,12.0,normal,2025-04-04,"Bharat Ratna Shri Atal Bihari Vajpayee Ekana Cricket Stadium, Lucknow"
17,18,dc,csk,dc,runs,25.0,normal,2025-04-05,"MA Chidambaram Stadium, Chepauk, Chennai"
18,18,rr,pk,rr,runs,50.0,normal,2025-04-05,"Maharaja Yadavindra Singh International Cricket Stadium, Mullanpur"
19,18,srh,gt,gt,wickets,7.0,normal,2025-04-06,"Rajiv Gandhi International Stadium, Uppal, Hyderabad"
20,18,rcb,mi,rcb,runs,12.0,normal,2025-04-07,"Wankhede Stadium, Mumbai"
21,18,lsg,kkr,lsg,runs,4.0,normal,2025-04-08,"Eden Gardens, Kolkata"
22,18,pk,csk,pk,runs,18.0,normal,2025-04-08,"Maharaja Yadavindra Singh International Cricket Stadium, Mullanpur"
23,18,gt,rr,gt,runs,58.0,normal,2025-04-09,"Narendra Modi Stadium, Ahmedabad"
24,18,rcb,dc,dc,wickets,6.0,normal,2025-04-10,"M Chinnaswamy Stadium, Bengaluru"
25,18,csk,kkr,kkr,wickets,8.0,normal,2025-04-11,"MA Chidambaram Stadium, Chepauk, Chennai"
26,18,gt,lsg,lsg,wickets,6.0,normal,2025-04-12,"Bharat Ratna Shri Atal Bihari Vajpayee Ekana Cricket Stadium, Lucknow"
27,18,pk,srh,srh,wickets,8.0,normal,2025-04-12,"Rajiv Gandhi International Stadium, Uppal, Hyderabad"
29,18,mi,dc,mi,runs,12.0,normal,2025-04-13,"Arun Jaitley Stadium, Delhi"
28,18,rr,rcb,rcb,wickets,9.0,normal,2025-04-13,"Sawai Mansingh Stadium, Jaipur"
30,18,lsg,csk,csk,wickets,5.0,normal,2025-04-14,"Bharat Ratna Shri Atal Bihari Vajpayee Ekana Cricket Stadium, Lucknow"
31,18,pk,kkr,pk,runs,16.0,normal,2025-04-15,"Maharaja Yadavindra Singh International Cricket Stadium, Mullanpur"
32,18,dc,rr,,,,tie,2025-04-16,"Arun Jaitley Stadium, Delhi"
33,18,srh,mi,mi,wickets,4.0,normal,2025-04-17,"Wankhede Stadium, Mumbai"
34,18,rcb,pk,pk,wickets,5.0,normal,2025-04-18,"M Chinnaswamy Stadium, Bengaluru"
35,18,dc,gt,gt,wickets,7.0,normal,2025-04-19,"Narendra Modi Stadium, Ahmedabad"
36,18,lsg,rr,lsg,runs,2.0,normal,2025-04-19,"Sawai Mansingh Stadium, Jaipur"
37,18,pk,rcb,rcb,wickets,7.0,normal,2025-04-20,"Maharaja Yadavindra Singh International Cricket Stadium, Mullanpur"
38,18,csk,mi,mi,wickets,9.0,normal,2025-04-20,"Wankhede Stadium, Mumbai"
39,18,gt,kkr,gt,runs,39.0,normal,2025-04-21,"Eden Gardens, Kolkata"
40,18,lsg,dc,dc,wickets,8.0,normal,2025-04-22,"Bharat Ratna Shri Atal Bihari Vajpayee Ekana Cricket Stadium, Lucknow"
41,18,srh,mi,mi,wickets,7.0,normal,2025-04-23,"Rajiv Gandhi International Stadium, Uppal, Hyderabad"
42,18,rcb,rr,rcb,runs,11.0,normal,2025-04-24,"M Chinnaswamy Stadium, Bengaluru"
43,18,csk,srh,srh,wickets,5.0,normal,2025-04-25,"MA Chidambaram Stadium, Chepauk, Chennai"
44,18,pk,kkr,,,,no result,2025-04-26,"Eden Gardens, Kolkata"
45,18,mi,lsg,mi,runs,54.0,normal,2025-04-27,"Wankhede Stadium, Mumbai"
46,18,dc,rcb,rcb,wickets,6.0,normal,2025-04-27,"Arun Jaitley Stadium, Delhi"
47,18,gt,rr,rr,wickets,8.0,normal,2025-04-28,"Sawai Mansingh Stadium, Jaipur"
48,18,kkr,dc,kkr,runs,14.0,normal,2025-04-29,"Arun Jaitley Stadium, Delhi"
49,18,csk,pk,pk,wickets,4.0,normal,2025-04-30,"MA Chidambaram Stadium, Chepauk, Chennai"
50,18,mi,rr,mi,runs,100.0,normal,2025-05-01,"Sawai Mansingh Stadium, Jaipur"
51,18,gt,srh,gt,runs,38.0,normal,2025-05-02,"Narendra Modi Stadium, Ahmedabad"
52,18,rcb,csk,rcb,runs,2.0,normal,2025-05-03,"M Chinnaswamy Stadium, Bengaluru"
53,18,kkr,rr,kkr,runs,1.0,normal,2025-05-04,"Eden Gardens, Kolkata"
54,18,pk,lsg,pk,runs,37.0,normal,2025-05-04,"Himachal Pradesh Cricket Association Stadium, Dharamsala"
55,18,dc,srh,,,,no result,2025-05-05,"Rajiv Gandhi International Stadium, Uppal, Hyderabad"
56,18,mi,gt,gt,wickets,3.0,normal,2025-05-06,"Wankhede Stadium, Mumbai"
57,18,kkr,csk,csk,wickets,2.0,normal,2025-05-07,"Eden Gardens, Kolkata"
58,18,pk,dc,,,,no result,2025-05-08,"Himachal Pradesh Cricket Association Stadium, Dharamsala"
59,18,pk,rr,pk,runs,10.0,normal,2025-05-18,"Sawai Mansingh Stadium, Jaipur"
60,18,dc,gt,gt,wickets,10.0,normal,2025-05-18,"Arun Jaitley Stadium, Delhi"
61,18,lsg,srh,srh,wickets,6.0,normal,2025-05-19,"Bharat Ratna Shri Atal Bihari Vajpayee Ekana Cricket Stadium, Lucknow"
62,18,csk,rr,rr,wickets,6.0,normal,2025-05-20,"Arun Jaitley Stadium, Delhi"
63,18,mi,dc,mi,runs,59.0,normal,2025-05-21,"Wankhede Stadium, Mumbai"
64,18,lsg,gt,lsg,runs,33.0,normal,2025-05-22,"Narendra Modi Stadium, Ahmedabad"
65,18,srh,rcb,srh,runs,42.0,normal,2025-05-23,"Bharat Ratna Shri Atal Bihari Vajpayee Ekana Cricket Stadium, Lucknow"
66,18,pk,dc,dc,wickets,6.0,normal,2025-05-24,"Sawai Mansingh Stadium, Jaipur"
67,18,csk,gt,csk,runs,83.0,normal,2025-05-25,"Narendra Modi Stadium, Ahmedabad"
68,18,srh,kkr,srh,runs,110.0,normal,2025-05-25,"Arun Jaitley Stadium, Delhi"
69,18,mi,pk,pk,wickets,7.0,normal,2025-05-26,"Sawai Mansingh Stadium, Jaipur"
70,18,lsg,rcb,rcb,wickets,6.0,normal,2025-05-27,"Bharat Ratna Shri Atal Bihari Vajpayee Ekana Cricket Stadium, Lucknow"
Qualifier 1,18,pk,rcb,rcb,wickets,8.0,normal,2025-05-29,"Maharaja Yadavindra Singh International Cricket Stadium, Mullanpur"
Eliminator,18,mi,gt,mi,runs,20.0,normal,2025-05-30,"Maharaja Yadavindra Singh International Cricket Stadium, New Chandigarh"
Qualifier 2,18,mi,pk,pk,wickets,5.0,normal,2025-06-01,"Narendra Modi Stadium, Ahmedabad"
Final,18,rcb,pk,rcb,runs,6.0,normal,2025-06-03,"Narendra Modi Stadium, Ahmedabad"
